name,addr,addr_more,comment_num,score,phone_number,decoration_time,open_time,lowest_price
淘源儿小居青年旅舍,朝阳区,朝阳区弘善东路弘善家园116号楼（近地铁10号、14号线E出口）,394,5,18911547973/18911935070,2018,2018,68
Wohkoon者行孙青年旅舍(故宫店),东城区,东城区沙滩后街16号（近故宫，景山公园）,2605,5,010-64021886/15510717118,2017,2010,69
北京绿萝居酒店式公寓,朝阳区,朝阳区阜安东路望京悠乐汇C座1922房间,840,5,15201663887,2017,2017,422
北京影宿3D电影主题酒店(鸟巢对外经贸店),朝阳区,朝阳区惠新东街19号（对外经贸大学公交站南200米）,777,5,010-64810998/64810698,2017,2017,387
Bright star青年旅舍,朝阳区,朝阳区金禅西路与厚俸街交叉口东50米,355,5,15810342900/15637299393,2017,2018,60
国展国际英特公寓,朝阳区,朝阳区北三环东路西坝河西里28号,217,5,13552485136,2017,2017,104
Wohkoon者行孙青年旅舍(雍和宫店),东城区,东城区北新桥头条22号（距离北新桥地铁站300米）,4137,5,010-84023518/13220129068,2016,2016,89
八达岭邵家大院,延庆区,延庆区八达岭岔道度假区，八达岭镇岔道村88号,908,5,13241986688/13260063184,2016,2017,103
新鲜酒店,东城区,东城区朝阳门内南小街6号楼,866,5,010-65283527/13691510820,2016,2016,282
老艾农家院,延庆区,延庆区八达岭镇岔道村岔道古城131号,626,5,13811615787,2016,2016,133
阳光学生绿色公寓,朝阳区,朝阳区八棵杨南街华腾园小区,488,5,18801025859,2016,2016,125
鸟巢景观房青年旅舍,朝阳区,朝阳区北辰东路慧忠里小区310楼（近小区西门，距鸟巢东门100米）,454,5,18513927864/15011052520,2015,2015,95
顺鑫学生求职公寓,朝阳区,朝阳区八棵杨中街华腾园11号楼,448,5,13167549787/17035178917,2014,2014,35
北京顺展丰航商务酒店,朝阳区,朝阳区货运路3号,1356,4.9,15201401145,2018,2018,374
新起点青年旅社,西城区,西城区广莲路1号建工大厦,771,4.9,18210150621/18600863994,2018,2016,84
梦游世界主题酒店,海淀区,海淀区玲珑路21号八里庄北里小区楼底商（临近慈寿寺地铁站）,726,4.9,010-66165333,2018,2016,519
有戏电影酒店(西直门展览馆店),西城区,西城区展览馆路14号,263,4.9,010-68350188,2018,2018,559
雅悦精致酒店(官园桥金融街店),西城区,西城区育幼胡同甲22号（国家京剧院后侧，近地铁4号线和6号线平安里站H口）,165,4.9,010-66186628,2018,2018,459
如家酒店(北京朝阳北路十里堡地铁站店),朝阳区,朝阳区朝阳北路八里庄南里26号（地铁6号线十里堡站D口）,129,4.9,010-85825998-9/15711295253,2018,2010,427
温茶闲语青年旅舍,朝阳区,朝阳区十八里店弘善家园417号楼（近十里河地铁站、近肿瘤医院）,128,4.9,15110137348,2018,2018,58
叮叮家庭公寓,丰台区,丰台区南三环中路南木樨园7号楼,98,4.9,18515115720/15811566106,2018,2018,57
彩虹宾馆,丰台区,丰台区南顶路4号,89,4.9,010-87818790,2018,2018,297
V-MAX威斯风尚主题酒店(北工大店),朝阳区,朝阳区弘燕路南新园26号楼4层,1033,4.9,010-67313699,2017,2017,358
雍和28号院青年旅舍,东城区,东城区柏林胡同28号院,833,4.9,13021163699,2017,2017,68
未名国际青年旅舍(五道口店),海淀区,海淀区成府路150号（清华科技园对面）,738,4.9,010-62549667,2017,2006,423
如家酒店(北京丽泽桥店),丰台区,丰台区西三环南路辅路44号-218,672,4.9,010-63300899-9,2017,2017,251
尚客优连锁酒店(北京南站店),丰台区,丰台区镇国寺北街4号院4号楼（地铁角门西站D口出向西走400米冬季星空小区西门）,667,4.9,010-67566521/67568172/13161499991,2017,2017,255
骏怡连锁酒店(北京西站店),丰台区,丰台区西站南路13-15号,622,4.9,010-63257512,2017,2017,269
东方圣达文化酒店(南锣鼓巷后海店),东城区,东城区鼓楼东大街宝钞胡同107号（八号线什刹海A2西北口出，近南锣鼓巷、后海酒吧街、烟袋斜街、恭王府、雍和宫天安门故宫等景点）,541,4.9,010-53348986/64016833,2017,2015,348
山水s酒店,西城区,西城区茶马街与马连道路交口观邸8号院4号楼1层,403,4.9,010-63308988,2017,2017,766
速8酒店(北京海淀西八里庄路店),海淀区,海淀区西八里庄路八里庄北里53号楼1-5层（地铁10号线西钓鱼台站向西850米路北）,390,4.9,010-83060606,2017,2017,349
北京红驿栈酒店,朝阳区,朝阳区东直门外大街春秀路太平庄10号（近使馆区）,366,4.9,010-64171066,2017,2008,468
捶染频(北京鸟巢国家会议中心店),朝阳区,朝阳区育慧北路8号（育慧北路与育慧东路交口附近、中国邮政储蓄银行隔壁）,344,4.9,010-86393544/86395457/18301058647,2017,2018,465
IU酒店(北京科技大学店),海淀区,海淀区志新路11号,330,4.9,010-82398180,2017,2008,454
希岸・轻雅酒店(天安门店),西城区,西城区大栅栏西街87号,305,4.9,010-56107444,2017,2017,385
和家宾馆(洋桥店),丰台区,丰台区马家堡路116号,291,4.9,010-87888151/87887010,2017,2007,276
北京未名旅舍(积水潭店),海淀区,海淀区文慧园路4号,284,4.9,010-62279051,2017,2017,349
北京青年书舍,海淀区,海淀区知春路泰跃商务中心,281,4.9,13826559615,2017,2017,102
窄巷福院精品客栈,东城区,东城区三源胡同29号,258,4.9,010-85175799,2017,2017,355
爱家公寓,海淀区,海淀区苏州街12号西屋国际公寓（西屋茶社楼上）,229,4.9,18640688375/18510503951,2017,2018,93
枫酒店(北京广安门大观园店),西城区,西城区南菜园街甲2号,228,4.9,010-83977611-9,2017,2018,671
非繁・城品酒店(北京草桥地铁站店),丰台区,丰台区镇国寺北街草桥欣园二区9号楼（地铁十号线草桥站A口旁）,198,4.9,010-67578188,2017,2017,340
登城客栈,延庆区,延庆区八达岭岔道村292号,184,4.9,13810999262,2017,2017,117
如家联盟华驿酒店(北京国贸店),朝阳区,朝阳区下甸厂坡村16号院北京国家广告产业园内,2289,4.9,010-88786868,2016,2012,339
千之恋主题酒店(方庄店),丰台区,丰台区左安门外方庄南路南方庄68号（天坛医院附近）,1250,4.9,010-67689098,2016,2016,318
青年酒店(天坛南门店),丰台区,丰台区定安南路5号东三亲家坟5号楼,1249,4.9,010-87206828,2016,2016,82
如家联盟怡都酒店(北京岳各庄桥店),丰台区,丰台区梅市口路家家福购物中心旁（距离302医院370米）,1141,4.9,010-88933678/13071113678,2016,2016,316
水晶主题酒店,朝阳区,朝阳区潘家园武圣路武圣东里54号楼,1138,4.9,010-59374355,2016,2014,478
心动酒店(燕莎使馆区店),朝阳区,朝阳区新源南路14号院18号楼（燕莎桥西600米京城大厦北门对面）,924,4.9,010-88153335/88111115/88505800/15010938270/15210351235,2016,2013,269
品爱主题酒店,朝阳区,朝阳区百子湾路百子湾西里104号楼（金都杭城金都心语北塔底商）,840,4.9,010-87725022,2016,2016,336
享缘精品酒店(天坛公园店),东城区,东城区金鱼池中街2号院11号楼（天坛公园北300米，地铁站7号线桥湾站D口南行100米）,811,4.9,010-56423588,2016,2016,299
枫酒店(北京南站木樨园店),丰台区,丰台区南三环中路东罗园九号楼,743,4.9,010-52268598/52288587,2016,2016,441
天赐福院四合院酒店(同仁医院店),东城区,东城区西镇江胡同10号（近北京站）,696,4.9,010-65281108,2016,2016,294
东方圣达文化酒店(北京天安门王府井店),东城区,东城区王府井东单三条甲33号（京纺大厦北侧）,689,4.9,010-65266638/65268780,2016,2013,598
齐源宾馆(北京南站店),丰台区,丰台区永外大街12号（北京南站地铁北出口安检口西侧）,678,4.9,010-63566199,2016,2016,218
齐鑫宾馆(北京南站店),丰台区,丰台区北京南站负一层北进口（公交换乘大厅内）,603,4.9,010-83528266,2016,2016,188
小时代青年旅舍(五道口地铁站店),海淀区,海淀区五道口华清嘉园小区东区13号楼,578,4.9,18201309357,2016,2016,82
北京浪漫怡家公寓,东城区,东城区崇文外大街与东兴隆街交叉口东200米都市馨园5号楼,549,4.9,13681110129,2016,2010,248
派酒店(北京角门西地铁站店),丰台区,丰台区嘉园路与嘉和路交汇东南角（角门西地铁站D出口西500米）,462,4.9,010-67579119,2016,2011,201
落脚点青年旅舍,朝阳区,朝阳区东三环南路嘉多丽园南区2号楼,257,4.9,15501024994/18611530680,2016,2016,69
朗珈feel精品青年旅舍,海淀区,海淀区魏公街韦伯豪家园4号楼（临近北站和西直门）,240,4.9,15001371333,2016,2016,143
飘留青年旅舍,朝阳区,朝阳区十里河弘善家园215号楼,163,4.9,17343085687,2016,2016,60
白领圈子公寓,朝阳区,朝阳区北京市朝阳区东三环北路国际港A座,143,4.9,13260009020,2016,2016,165
如家酒店(北京万丰路店),丰台区,丰台区靛厂村内101号（水衙沟路与万丰路交叉口向西200米路北）,2340,4.9,010-88249797,2015,2010,341
汉庭(北京站前广场店),东城区,东城区北京站东街8号信通大厦B座（距地铁2号线北京站C出口350米，近同仁医院）,1104,4.9,010-85266466,2015,2015,493
iu酒店(北京火车站店),东城区,东城区北京火车站出站口广场内东侧30米（地铁2号线北京站C出口东南方向100米）,951,4.9,010-65137677,2015,2016,401
汉庭(北京欢乐谷店),朝阳区,朝阳区十八里店乡周家庄村308号,736,4.9,010-67474998,2015,2015,294
安大姐酒店式公寓,东城区,东城区东兴隆街都市馨园1号楼,614,4.9,13391697068/18515334957,2015,2005,255
舒心家庭公寓,海淀区,海淀区复兴路32号院5号楼,509,4.9,15839757871,2015,2015,136
汉庭(北京劲松店),朝阳区,朝阳区松榆北路与武圣东路路口向南100米东侧（邮政储蓄银行松榆东里支行隔壁，近西大望路）,378,4.9,010-87326966,2015,2008,153
准噶尔明珠酒店,东城区,东城区龙潭路甲8号（近龙潭公园、天坛公园，近医学科学院肿瘤医院、天坛医院、同仁医院）,220,4.9,010-67180018,2015,2000,418
如家酒店(北京苹果园地铁站店),石景山区,景山区阜石路300号（苹果园地铁口AD出口西行800米，喜隆多商场东20米）,3826,4.9,010-68853008,2014,2014,237
万爱情侣主题酒店(芍药居店),朝阳区,朝阳区芍药居11号楼北侧（近芍药居地铁站北300米）,1604,4.9,010-84642213/15354048737,2014,2014,1023
未名视界摄影主题酒店(后海店),西城区,西城区鼓楼西大街76号（地铁八号线什刹海A2出口附近）,1369,4.9,010-64017775,2014,2012,399
如家酒店(北京紫竹桥店),海淀区,海淀区紫竹院路甲3号,1014,4.9,010-68416688,2014,2007,389
锦江之星(北京国际展览中心店),朝阳区,朝阳区左家庄北里5号（左家庄西街与柳芳北街交汇处）,599,4.9,010-64668166,2014,2014,408
色彩连锁酒店(国展一店),朝阳区,朝阳区和平街十五区十号楼（地铁光熙门站A西北口向南200米）,452,4.9,010-64289099,2014,2008,299
乐家服务式酒店(北京西直门店),海淀区,海淀区高梁桥路（西直门地铁凯德mall口北行150米）,351,4.9,010-62249807/15210929037,2014,2010,398
金泰之家连锁酒店(劲松店),朝阳区,朝阳区广和南里二条九号（近地铁劲松站）,293,4.9,010-67747088,2014,1996,318
三和概念酒店(五道口清华大学店),海淀区,海淀区双清路85号（近清华大学、五道口）,3356,4.9,010-62340038/62340035/18610299229,2013,2010,339
如家酒店(北京刘家窑地铁站店),丰台区,丰台区东铁匠营横6条1号（近刘家窑桥）,956,4.9,010-67615533-9,2013,2009,265
北京航招宾馆(原中航第一招待所),东城区,东城区东四北大街汪芝麻胡同16号（距离张自忠路地铁站200米）,771,4.9,010-64015551,2013,1961,288
色彩连锁酒店(国展二店),朝阳区,朝阳区和平街十五区11号楼（地铁光熙门站A出口南120米，家乐福附近）,539,4.9,010-64299009,2013,2013,276
如家酒店(北京潘家园店),朝阳区,朝阳区华威南路弘善家园304号,2300,4.9,010-67049122,2012,2012,360
莫泰酒店(北京火车站东便门店),东城区,东城区白桥大街路2号（广渠门北里与白桥大街交叉口）,1946,4.9,010-87169099-9,2012,2013,284
胜高连锁酒店(丰台东大街地铁站店),丰台区,丰台区东大街29号,1680,4.9,010-63774646,2012,2010,197
莫泰酒店(北京潘家园店),朝阳区,朝阳区华威南路弘善家园304号,1605,4.9,010-53518969,2012,2014,351
如家酒店(北京朝阳路慈云寺桥远洋国际中心店),朝阳区,朝阳区延静里中街5号,737,4.9,010-65928986,2012,2012,323
如家酒店(北京东直门雍和宫簋街店),东城区,东城区东直门内北小街草园胡同10号（地铁2号线东直门站A出口西侧）,1127,4.9,010-84036166,2011,2013,431
如家酒店(北京马家堡角门南站店),丰台区,丰台区马家堡路154号（近七十路总站）,687,4.9,010-87577778,2011,2011,206
如家酒店(北京健翔桥店),海淀区,海淀区龙翔路甲1号（近地铁10号线健翔桥站）,667,4.9,010-52960198,2011,2011,390
城市庭院客栈(后海店),东城区,东城区鼓楼东大街宝钞胡同琉璃寺巷14号（近南锣鼓巷）,635,4.9,010-64026396,2011,2008,243
如家酒店(北京赵公口石榴庄地铁站店),丰台区,丰台区光彩路慧时欣园10-6号（近光彩体育馆）,1162,4.9,010-51109998,2009,2009,237
枫酒店(北京石景山万达广场店),石景山区,景山区石景山路33号（盛景国际广场旁）,712,4.9,010-83920888,2008,2017,376
北京励骏酒店,东城区,东城区金宝街90-92号（灯市东口）,260,4.9,010-85113388,2008,2008,1508
金龙潭大饭店,海淀区,海淀区西三环北路71号（紫竹院公园西南侧，北京航空466医院附近）,179,4.9,010-88811188,2007,2007,792
如家酒店(北京大观园店),西城区,西城区南菜园街9号院6号楼（国泰大厦院内）,1669,4.8,010-83559989,2018,2005,303
速8酒店(北京六里桥地铁站店),丰台区,丰台区六里桥北里莲怡园一区10号楼底商一层,1110,4.8,010-63459522,2018,2018,272
格林豪泰快捷酒店(北京朝阳欢乐谷店),朝阳区,朝阳区垡头路18号商务楼（北京欢乐谷正门向南500米）,1096,4.8,010-87575208,2018,2014,293
九号院国际青年旅舍(北京故宫店),东城区,东城区中老胡同9号（近天安门、故宫）,188,4.8,010-84002889,2018,2018,58
七彩虹青年民宿,朝阳区,朝阳区西坝河路西坝河北里,136,4.8,13341167112,2018,2018,78
君子公寓,海淀区,海淀区港沟路大河庄苑6号楼,131,4.8,13220152768,2018,2018,93
馨安青年公寓,朝阳区,朝阳区华威南路弘善家园315号楼,92,4.8,13488788161,2018,2018,69
想谷酒店,朝阳区,朝阳区朝阳路与定福庄北街交叉口东北角20米处（距传媒大学北门30米）,60,4.8,010-85387055/010-85388155/13661142866,2018,2018,499
如家酒店(北京火车站东便门店),东城区,东城区白桥大街2号（广渠门北里与白桥大街交汇处，东便门立交桥东南侧）,3301,4.8,010-87169066,2017,2012,284
布丁酒店(北京国展柳芳地铁站店),朝阳区,朝阳区东土城路甲3号院2号楼（柳芳地铁站A口对面）,1564,4.8,010-64201446/64204236,2017,2014,239
小筑主题酒店(北京站建国门店),东城区,东城区贡院西街2号,1270,4.8,010-65281345,2017,2008,308
北京望花宾馆,朝阳区,朝阳区阜通东大街花家地南里9号楼（望京医院旁边）,1269,4.8,010-84772186,2017,2008,230
颐派欧华商务休闲汇馆(广外店),西城区,西城区广安门外红居街10巷18号（近北京西站、达官营地铁站店）,1174,4.8,010-63372888,2017,2016,229
凯嘉宾馆,丰台区,丰台区东铁营顺三条2号,883,4.8,010-87613679/87613678/15101522338,2017,2006,188
中梦立方酒店(北京南站店),丰台区,丰台区马家堡西路28号院8号楼301室,806,4.8,010-87578383/87562828,2017,2017,230
鸿福酒店(财经大学店),海淀区,海淀区学院南路皂君东里小渝府麻辣香锅楼上（中央财经大学，交通大学附近）,690,4.8,010-62155519/13693300706,2017,2017,263
临水居宾馆,海淀区,海淀区北洼西里48号（宝联体育公园院内）,604,4.8,010-68438878/68438898,2017,2015,302
7天优品酒店(北京天安门广场店),西城区,西城区大栅栏西街16号,604,4.8,010-63157778,2017,2017,347
千之恋精品主题酒店(十里河地铁站店),朝阳区,朝阳区西燕东街闽龙木门橱柜总部基地北50米,479,4.8,010-67328055,2017,2017,308
爱情公寓青年之家,东城区,东城区崇文区兴隆都市馨园SOLO小区2号楼（临近新世界百货，同仁医院）,474,4.8,13240923167/15701689613,2017,2014,248
北京黄河京都大酒店,东城区,东城区夕照寺中街29号（近夕照寺西街）,413,4.8,010-51335588,2017,1996,437
福运日月精品酒店,朝阳区,朝阳区西坝河中里6号展览中心3号门（临近家乐福超市，木屋烧烤旁）,337,4.8,010-51400888,2017,2017,268
北京怡然酒店,朝阳区,朝阳区武圣路农光东里21号楼,267,4.8,13011136354,2017,2017,258
西柚青年宿舍,海淀区,海淀区学院路富润家园小区（近六道口地铁站C出口）,252,4.8,18811020247,2017,2017,84
榕树公馆(北京后现代城店),朝阳区,朝阳区百子湾路16号后现代城A区3号楼B单元108逅客（距大成国际中心800米左右，金长安附近）,222,4.8,13910595274,2017,2018,400
北京宏鼎轩商务酒店,丰台区,丰台区北京西站南路华源四里甲2号,213,4.8,010-63259259,2017,2017,379
如家精选酒店(北京珠市口桥湾地铁站店),东城区,东城区西晓市街38号,131,4.8,010-67011880/51693999-9,2017,2017,484
北京东方凯旋商务酒店(北京南站店),丰台区,丰台区西罗园路西罗园二区14号,129,4.8,010-67256885,2017,2017,232
如家精选酒店(北京朝阳门地铁站店),东城区,东城区朝内北小街仓南胡同14号院1号楼（近豆瓣胡同）,104,4.8,010-64048900,2017,2010,636
鑫奥宾馆(北京鸟巢店),朝阳区,朝阳区北沙滩甲6号四号院内（胜利饭店西侧）,5146,4.8,010-64847201/64869246,2016,2007,158
和家宾馆(安贞医院店),朝阳区,朝阳区北二环安定门桥外第二红绿灯或北三环安贞桥内一个红绿灯向西100米路北（泰利明苑小区内）,3009,4.8,010-51697189/51697188,2016,2007,238
畅悦酒店,石景山区,景山区苹果园南路东口9号乐活美食汇B区1层,2154,4.8,010-68880635,2016,2015,432
速8酒店(北京天坛南门赵公口店),丰台区,丰台区光彩路西赵公口15号（距离刘家窑地铁800米）,1371,4.8,010-87256419/87259419,2016,2016,272
北京宏胜宾馆,西城区,西城区陕西巷东壁营胡同7号（近前门大栅栏，地铁7号线虎坊桥B口）,1055,4.8,010-63010790,2016,2016,145
汉庭(北京西站北广场中心店),海淀区,海淀区羊坊店路21号,1007,4.8,010-63398338,2016,2016,398
睿士主题酒店(北京西客站六里桥东店),丰台区,丰台区华源四里甲5号楼（太平桥东里站台往南200米，近六里桥东地铁站）,957,4.8,010-63380269/63380689/15210287955,2016,2013,339
枫酒店(北京学院路六道口地铁站店),海淀区,海淀区学清路甲8号圣熙8号购物中心2号楼（六道口地铁站旁）,647,4.8,010-82170209/62955388,2016,2016,728
99优选酒店(北京小红门分钟寺地铁站店),朝阳区,朝阳区小红门路少角村142号院4号楼底商（小红门派出所对面）,607,4.8,010-67609899,2016,2016,165
尚客优精选酒店(北京草桥店),丰台区,丰台区草桥东路8号院1号楼4层,584,4.8,010-67579016,2016,2009,299
皓阳宾馆(北京前门天安门广场店),西城区,西城区前门西大街正阳市场4号楼（老舍茶馆西行30米）,559,4.8,010-63157090/63020688,2016,2010,272
乐酷花园主题酒店,朝阳区,朝阳区观音堂文化大道东区C113号，同盛轩艺术馆旁30米,533,4.8,010-88998566/13521938566,2016,2016,289
金地尚品主题酒店(宋家庄地铁站店),丰台区,丰台区顺八条8号院三区1号楼,467,4.8,010-56128999,2016,2016,287
中梦立方酒店(北京电影学院店),海淀区,海淀区北三环中路32号,463,4.8,010-88866606,2016,2016,338
客家快捷酒店,海淀区,海淀区知春路罗庄西里北区5号楼（近知春路地铁G1口，北京航空大学）,404,4.8,010-82350005/18210607317,2016,2014,208
遇见(meeting)青年旅舍,海淀区,海淀区知春路大运村公寓（近知春路地铁站）,308,4.8,18310179259/18801496926,2016,2016,21
础し染频(北京宋家庄地铁站店),丰台区,"丰台区方庄南路58号院10号楼1层1001,2层201,3层301室（近晶城秀府小区)",209,4.8,010-87638588/87638688,2016,2016,293
汉庭(北京安贞桥西店),朝阳区,朝阳区德胜门外黄寺大街12号,204,4.8,010-62076977,2016,2015,512
枫酒店(北京中关村人民大学地铁站店),海淀区,海淀区双榆树东里甲8号,176,4.8,010-82122688/82126199,2016,2016,709
如家精选酒店(北京木樨园店),丰台区,丰台区南三环中路珠江骏景北区2号楼1层底商,153,4.8,010-88711789,2016,2017,417
7天优品酒店(北京燕莎三元东桥店),朝阳区,朝阳区新源街18号楼（京客隆旁边）,127,4.8,010-80699780,2016,2016,421
IU酒店(北京西客站六里桥东地铁站店),丰台区,丰台区西三环南路6号,5991,4.8,010-63482211/63489211,2015,2015,305
北京考拉酒店(积水潭店),海淀区,海淀区文慧园斜街11号,3463,4.8,010-62226599,2015,2013,427
99优选酒店(大观园广安门店),西城区,西城区南菜园街乙15号（大观园西门北300米）,1851,4.8,010-83531168/17801198173,2015,2015,169
派酒店(北京欢乐谷大羊坊路店),朝阳区,朝阳区十八里店乡周庄甲240号（近十八里店派出所毗邻十八里店中学）,1728,4.8,010-67339989/67339958,2015,2015,199
家和百利酒店(北京站街店),东城区,东城区北京站街18号（距离北京站100米）,1290,4.8,010-65257688/65277211,2015,2014,199
京皖睿祥商务宾馆,海淀区,海淀区四环定慧北桥田村路甲11号（白领公寓旁）,917,4.8,010-88622258/13321192409/18519350068,2015,2009,295
如家酒店(北京方庄东铁营桥店),丰台区,丰台区永外顺四条1号院东楼东铁营桥往南200米（近华博医院，东方医院）,906,4.8,010-56916268-9,2015,2015,227
如家酒店(北京四惠百子湾地铁站店),朝阳区,朝阳区百子湾石门村路2号,799,4.8,010-67712211-9,2015,2007,298
青年假日酒店,海淀区,海淀区民族大学西路58号（民大附中斜对面）,753,4.8,010-68935888/18010062802,2015,2006,336
前门客栈(大栅栏店),西城区,西城区前门煤市街33号（地铁2号线前门站C口出南200米左右）,664,4.8,010-63132369,2015,2006,200
海友酒店(北京木樨园店),丰台区,丰台区南木樨园83号（木樨园桥东南角，方仕珠宝城南侧胡同内）,596,4.8,010-67255818,2015,2015,180
汉庭(北京天安门广场店),西城区,西城区杨梅竹斜街118号,375,4.8,010-63152588,2015,2016,560
金泰之家连锁酒店(通华苑店),西城区,西城区北礼士路101号,337,4.8,010-68331155,2015,1998,403
海友酒店(北京前门大力胡同店),西城区,西城区煤市街大力胡同20号,326,4.8,010-63085317,2015,2015,256
平安116客栈(西四店),西城区,西城区西四北大街116号（地铁四号线平安里地铁站C口出南450米）,303,4.8,010-66167007,2015,2015,300
世家轻奢酒店(财满街店),朝阳区,朝阳区朝阳路高井176号（民航总医院对面）,277,4.8,010-52327889/52327888,2015,2015,429
海友酒店(北京天坛南门店),丰台区,丰台区蒲黄榆二里14号,232,4.8,010-67689585,2015,2015,208
阳光家庭旅馆,海淀区,海淀区复兴路五棵松地铁站西南口北京建工六建集团小区,166,4.8,18310716040,2015,2015,122
云之端青年旅舍(两朵云店),海淀区,海淀区西四环中路39号万地名苑3号楼802室,132,4.8,010-57451966/13305682377/18618441355,2015,2015,104
万爱情侣主题酒店(紫竹桥店),海淀区,海淀区北洼东街28号,2772,4.8,010-68471559,2014,2011,392
万爱情侣主题酒店(双井店),朝阳区,朝阳区广渠路66号百环家园4号楼外围底商（朝阳图书馆新馆对面）,2661,4.8,010-87771867,2014,2014,314
如家酒店(北京丰台体育中心岳各庄桥店),丰台区,丰台区西四环南路31号,2478,4.8,010-63812666,2014,2011,284
7天连锁酒店(北京北海公园店),西城区,西城区西什库大街31号（地铁4号线西四站D出口附近，紧临北大医院）,2388,4.8,010-66185599,2014,2012,347
锦江之星(北京广渠门店),东城区,东城区东花市北里东区1号,1991,4.8,010-51005188,2014,2005,303
心动主题酒店(燕莎中心店),朝阳区,朝阳区新源街45-1号（燕莎桥向西500米，京客隆超市斜对面）,1566,4.8,010-88505800/88505900/15210351235,2014,2013,269
如家酒店(北京新国展首都机场店),顺义区,顺义区天竺镇府前一街32号（天竺中学正对面）,1403,4.8,010-52131155,2014,2014,492
7天连锁酒店(北京景泰地铁站天坛南门店),东城区,东城区景泰桥南安乐林路10-35号（天坛公园南700米）,1310,4.8,010-87810187/87275120,2014,2014,222
如家酒店(北京国展柳芳地铁站店),朝阳区,朝阳区东土城路12号楼怡和阳光大厦A座1-4层,1217,4.8,010-64218686,2014,2014,351
汉庭(北京西站店),丰台区,丰台区莲花池东路126号A座,1211,4.8,010-67771717,2014,2014,398
和颐酒店(团结湖路店),朝阳区,朝阳区团结湖路9号楼 ，近团结湖北路,1206,4.8,010-65828088,2014,2014,529
运驰商务酒店,海淀区,海淀区复兴路61号院,1036,4.8,010-68291518,2014,2014,429
如家酒店(北京定慧桥五路居地铁站店),海淀区,海淀区田村路街道田村路23号,908,4.8,010-88636099,2014,2014,360
莫泰酒店(北京南站店),丰台区,丰台区右安门外大街97号院2号楼5-6层,900,4.8,010-83511666,2014,2007,294
锦江之星(北京广安门店),西城区,西城区广安门南街56号白纸坊桥东南侧400米（近大观园）,821,4.8,010-83516198,2014,2007,398
枫酒店(北京亚运村鸟巢店),朝阳区,朝阳区小营西路安慧东里36号4号楼（北苑路与小营西路交叉口）,817,4.8,010-84468889,2014,2014,842
如家酒店(北京苏州桥店),海淀区,海淀区小南庄400号（近万柳家园）,756,4.8,010-62556669,2014,2010,341
99优选酒店(北京广渠门内店)(原安洁快捷酒店),东城区,东城区东花市东街东花市南里社区东区12号楼一层（泥奥大厦对面，广渠门内地铁站B口北50米）,731,4.8,010-87103528,2014,2014,222
如家酒店(北京南站店),丰台区,丰台区右安门外大街97院2号楼1-3层,600,4.8,010-83511666,2014,2007,237
唐府酒店(北京南锣鼓巷店),东城区,东城区安定门内大街291号（近鼓楼东大街）,590,4.8,010-84010296,2014,2010,358
汉庭(北京广安门店),西城区,西城区南马道15号（地铁7号线广安门内站C2口出西行500米）,461,4.8,010-83530068,2014,2014,474
云腾宾馆,东城区,东城区东花市北里东区7-8号楼（近东便门桥）,155,4.8,010-67113322/67136432,2014,1995,434
天天家庭旅馆(安贞医院店),朝阳区,朝阳区健安东路安贞西里一区,150,4.8,13522263358,2014,2014,155
北京唯实国际文化交流中心,海淀区,海淀区学院路39号,110,4.8,010-62308899,2014,2009,1107
如家酒店(北京西客站六里桥店),丰台区,丰台区太平桥西路华源一里3-4号楼（近西三环辅路）,4122,4.8,010-63371881,2013,2013,284
如家酒店(北京燕莎使馆区),朝阳区,朝阳区东方东路甲11号（美领馆新馆西门对面）,2216,4.8,010-84512288,2013,2006,422
海友酒店(北京丰台大成路店),丰台区,丰台区大成路甲10号（大成路与青塔五街交叉口）,1163,4.8,010-68699960,2013,2013,237
7天连锁酒店(北京工业大学平乐园地铁站店)(原北京工业大学店),朝阳区,朝阳区农光南路甲1号（近北京工业大学）,972,4.8,010-67305537,2013,2009,273
如家酒店(北京景泰地铁站珐琅厂店),东城区,东城区永定门外安乐林路10号,909,4.8,010-87252288,2013,2008,265
如家酒店(北京南站洋桥店),丰台区,丰台区马家堡东路59号（洋桥往南300米）,806,4.8,010-67046562/18210700604,2013,2013,242
飘HOME连锁酒店(国贸东店),朝阳区,朝阳区西大望路甲12号,750,4.8,010-59876666,2013,2009,339
蓝琴酒店,丰台区,丰台区南顶路甲23号（乘71、511到南顶路西口下即到）,683,4.8,010-67269388,2013,2012,267
如家酒店(北京雍和宫和平里西街店),东城区,东城区和平中街17号天元和平商业大厦（近地铁5号线和平里北街C口）,536,4.8,010-84226677,2013,2013,275
黎明园宾馆(北京国展店),朝阳区,朝阳区西坝河中街21号楼（国展中心4号门对面）,340,4.8,010-84516382,2013,2003,230
北京明宇丽雅饭店,东城区,东城区北极阁路7号（朝阳门南小街与建国门内大街交汇处北侧路北），近地铁1号线东单站B口（近妇女儿童博物馆）,178,4.8,010-58037777,2013,2013,723
万程中庭酒店(前门店),西城区,西城区前门大栅栏西街铁树斜街16号（近地铁2号线前门站）,2905,4.8,010-63083387,2012,2010,158
恋都商旅酒店(百万庄店),西城区,西城区百万庄北街甲6号（近阜成门车公庄西地铁站）,1660,4.8,010-68351808,2012,2008,239
锦江之星(北京马家堡店),丰台区,丰台区马家堡路65号,1620,4.8,010-67589412,2012,2004,235
浪漫小窝公寓,东城区,东城区兴隆都市馨园SOLO2小区2号楼（东兴隆街与祈年大街交叉口）,1389,4.8,13371786360,2012,2007,264
如家酒店(北京燕莎三元东桥店),朝阳区,朝阳区三源里街16号（近三源里小区）,731,4.8,010-64648806-9,2012,2012,404
和家宾馆(西直门人民医院店)(原华谊宾馆),海淀区,海淀区文慧园西路索家坟20号院,597,4.8,010-62259611/62259355,2012,1996,289
贵州大厦,朝阳区,朝阳区和平西桥樱花西街18号（和平西桥北侧）,441,4.8,010-58109988-688/58109988-699,2012,1999,1390
玉华宫宾馆,西城区,西城区右安门内大街72号万博苑社区4号楼（右安门立交桥东北）,229,4.8,010-83525566,2012,2001,465
7天连锁酒店(北京学院路二店),海淀区,海淀区双清路6号（近清华大学）,4306,4.8,010-52707077,2011,2011,284
橡树林酒店(北京西站南广场店),西城区,西城区西站南路76号（东邻马连道茶叶贸易总市场）,1673,4.8,010-57528333,2011,2011,315
和家宾馆(儿童医院1店)(原白云天店),西城区,西城区白云观街8号院6号楼（白云观南门对面）,915,4.8,010-63426326,2011,2004,350
汉庭(北京西直门店),西城区,西城区西直门内大街南草厂街11号（靠近地铁4号线、2号线、13号线交汇）,433,4.8,010-66078585,2011,2011,531
汉庭(北京六里桥店),丰台区,丰台区太平桥路华源一里甲9号（近永辉超市）,281,4.8,010-63289119,2011,2011,341
如家酒店(北京花园桥首都师范大学店),海淀区,海淀区北洼路28号（近首都师范大学北一区）,270,4.8,010-52960033-9/52961989-9/52961990-9,2011,2011,431
如家酒店(北京清华大学东门店),海淀区,海淀区双清路16号,1344,4.8,010-82411980,2010,2005,359
寓居服务公寓(北京中关村公馆店),海淀区,海淀区海淀中街16号中关村公馆A座102室（丹棱街海淀法院正南方医院西北角）,266,4.8,13701358362,2010,2010,457
如家酒店(北京国展三元桥店),朝阳区,朝阳区西坝河东里36号楼（近三元西桥）,352,4.8,010-64669991,2009,2009,607
人卫酒店(原康源瑞廷酒店),朝阳区,朝阳区潘家园南里19号，潘家园路西口近二环路,178,4.8,010-59097777,2009,2009,771
如家酒店(北京广安门内地铁站店),西城区,西城区广义街4号（长椿街西边相邻街道）,177,4.8,010-63178688-9,2009,2009,341
如家酒店(北京东单金宝街灯市口地铁站店),东城区,东城区演乐胡同50号（近王府井大街、协和医院）,1344,4.8,010-65287576,2008,2014,323
京仪大酒店,海淀区,海淀区大钟寺东路9号京仪大酒店1层（毗邻中坤广场和体育大学地铁13号10号知春路站B出口）,705,4.8,010-62165588,2008,2008,971
如家酒店(北京广安门店),西城区,西城区广安门手帕口南街71号,284,4.8,010-63361111,2008,2008,313
银岛饭店,西城区,西城区月坛南街32-2号,212,4.8,010-68511927/68521199,2008,1996,520
北京千禧大酒店,朝阳区,朝阳区东三环中路7号财富中心（近京广桥）,103,4.8,010-85876888,2008,2008,1462
海友酒店(北京天坛东门店),东城区,东城区福光路6号（原7天连锁酒店天坛东门店）,3758,4.8,010-51205577/51205886,2007,2006,256
莫泰酒店(北京安贞桥店),东城区,东城区安定路22号（近元大都遗址公园）,2581,4.8,010-64421666/53501116,2007,2007,531
锦江之星(北京宋家庄地铁站店),丰台区,丰台区永外石榴庄南里1号,1212,4.8,010-53931173,2007,2007,248
和家宾馆(复兴医院店)(原白云路店),西城区,西城区真武庙三里8号楼（长安商场向南300米红绿灯东侧）,460,4.8,010-68046846/68046848,2007,2005,278
金茂公寓,海淀区,海淀区苏州街与港沟路交汇处西北角紫金长河小区内,428,4.8,13240209983,2007,2007,87
速8酒店(北京工体三里屯春秀路店),朝阳区,朝阳区春秀路幸福二村25号楼（东直门地铁站C口向东800米路南）,322,4.7,010-64668660,2018,2018,614
梵云民宿,朝阳区,朝阳区慧忠路观典琥珀堡（近鸟巢、国际会议中心）,189,4.7,15611280662/18518162480,2018,2018,82
胡同印象酒店(南锣鼓巷店),东城区,东城区交道口南大街板厂胡同甲9号,152,4.7,010-64073799/18810010425,2018,2012,205
北京鼓韵国际青年旅舍,西城区,西城区旧鼓楼大街51号（地铁8号线鼓楼大街站G口出南200米，近麦当劳）,2410,4.7,010-84016565,2017,2006,82
7天连锁酒店(北京电影学院牡丹园地铁站店),海淀区,海淀区花园路甲13号（美廉美超市正对面）,2304,4.7,13269777858,2017,2012,379
速8酒店(北京玉泉营万柳桥店),丰台区,丰台区三环万柳园34号楼（万柳桥东北角，宝隆大厦东侧100米）,1883,4.7,010-63300388,2017,2014,265
新明基酒店,东城区,东城区布巷子胡同26号，近前门步行街,1663,4.7,010-67019899/67019839,2017,2017,388
小宅精品酒店,丰台区,丰台区丰管路九号院3号楼（距地铁10号线泥洼站A2出口236米，距解放军第307医院659米）,1211,4.7,010-63816628,2017,2016,223
鼎鑫精品酒店(崇文门北京站店),东城区,东城区南小市口街10号,851,4.7,010-56207222,2017,2017,218
紫禁家和快捷酒店(宣武医院店),西城区,西城区感化胡同4号（宣武医院东门200米，长椿街与感化胡同交叉口东100米路南）,815,4.7,010-83122533,2017,2016,175
紫禁家和快捷酒店(新街口店),西城区,西城区赵登禹路甲60号（平安医院斜对面，福绥境派出所北邻）,781,4.7,010-66131007/66133432,2017,2008,269
99优选酒店(北京朝阳大羊坊北桥店),朝阳区,朝阳区十八里店乡横街子村17号,666,4.7,010-87308388/87306066,2017,2017,167
嘉寓户晓酒店公寓,朝阳区,朝阳区东四环东恒时代一期小区（一号线四惠地铁站D口）,493,4.7,13311075048/17701384930,2017,2014,319
圣天使酒店,朝阳区,朝阳区呼家楼向军北里4巷10号,368,4.7,010-52875993/52875992,2017,2017,328
登巴国际连锁客栈(五道口店),海淀区,海淀区展春园西路蓟鑫大厦2楼（格林豪泰旁，近五道口地铁站）,238,4.7,18911420709,2017,2016,116
北京西郊宾馆,海淀区,海淀区王庄路18号（五道口、清华大学东门）,225,4.7,010-62322288,2017,1986,531
每日精品酒店,海淀区,海淀区海淀大街46号（近海淀桥）,169,4.7,010-82169571,2017,2017,365
希岸・轻雅酒店(北京四道口大钟寺地铁站店),海淀区,海淀区皂君庙乙2号院1号楼,130,4.7,010-82103599,2017,2017,470
金乾鑫业招待所(新街口地铁站店),西城区,西城区赵登禹路冠英园西区29号楼11号（地铁4号线新街口站出c口南行300米，北京银行北侧）,2616,4.7,010-66537478,2016,2008,89
圣京假日酒店(原圣德堡酒店),东城区,东城区天坛东路72号（南二环玉蜓桥北200米）,2128,4.7,010-67169988,2016,2009,269
北京福运星月宾馆,朝阳区,朝阳区西坝河中街西坝河中里9号楼,805,4.7,010-52032888/52032889,2016,2006,178
鸿炜亿家连锁酒店(牛街礼拜寺店),西城区,西城区牛街西里二区8号楼（牛街礼拜寺西南侧）,490,4.7,010-58376353/16601124443,2016,2009,100
圣庭四季商务酒店,朝阳区,朝阳区左安路9号十里河（潘家园大厦，距中国医学院肿瘤医院仅560米）,454,4.7,010-67615588,2016,2017,298
优洁商务宾馆(北京南站店),丰台区,丰台区西罗园二区20号（西罗园小学对面）,438,4.7,010-87107566,2016,2015,246
城琰酒店(北京南站店),丰台区,丰台区角门北路6号（京虎门院内楼后）,408,4.7,010-56057678,2016,2016,447
海友酒店(北京南站洋桥店),丰台区,丰台区洋桥北里24号楼（首航超市二楼）,182,4.7,010-87107932,2016,2016,246
椿舍四合院,西城区,西城区宣武门西大街89号,154,4.7,18519713041,2016,2017,105
白玉兰酒店(北京西客站店),西城区,西城区马连道北路1号（近西客站南广场）,2902,4.7,010-51710988,2015,2005,389
速8酒店(北京陶然亭地铁站西店),西城区,西城区右安门内大街59号（近陶然亭地铁站店D出口）,1428,4.7,010-63521724,2015,2014,228
华琦乐宾馆(新街口地铁站店),西城区,西城区冠英园西区20号楼（地铁4号线新街口站C口出南行100米）,1337,4.7,010-66156796,2015,2005,239
如家酒店(北京国贸双井地铁站店),朝阳区,朝阳区东三环南路48号（位于东三环双井桥与劲松桥之间马路东侧）,1127,4.7,010-67786633,2015,2006,316
尚客优快捷酒店(北京朝阳潘家园店),朝阳区,朝阳区华威路36路公交站7号楼（弘钰博古玩城对过）,802,4.7,010-67721866/67750288,2015,2015,298
7天连锁酒店(北京南站地铁站店),丰台区,丰台区开阳里三街五区4号楼（距北京南站500米，近北京南站北出口）,474,4.7,010-83538399,2015,2015,242
海友酒店(北京蓟门桥店),海淀区,海淀区蓟门桥北三环中路明光北里2号（近地铁13号线大钟寺站A口）,406,4.7,010-61198678/60871888,2015,2015,341
汉庭(北京水立方店),朝阳区,朝阳区裕民路3号楼1号院（近北三环科技馆）,309,4.7,010-52828055,2015,2011,484
万方苑国际酒店,丰台区,丰台区南三环西路4号院1号楼,196,4.7,010-67526666,2015,2010,2356
六铺炕宾馆,西城区,西城区六铺炕南小街1号（地铁2号线或8号线鼓楼大街站A2口出向北400米）,165,4.7,010-82070088/13901109735,2015,2001,428
7天连锁酒店(北京宋家庄地铁站店),丰台区,丰台区南窑村3号,3802,4.7,010-52979777/52979778,2014,2014,210
北京德全酒店(石佛营店),朝阳区,朝阳区石佛营东里133号院4号楼（紫萝园小区门口）,2430,4.7,010-85833349/85822249,2014,2014,240
7天连锁酒店(北京中关村苏州桥店),海淀区,海淀区小南庄400号龙都宾馆院里（万柳东路斜街路口）,2270,4.7,010-61943336-0,2014,2014,326
时尚东润快捷酒店(北京鸟巢店),朝阳区,朝阳区大屯路北沙滩桥东公交站物美超市3层,1829,4.7,010-52071799,2014,2014,282
7天连锁酒店(北京石景山古城地铁站店),石景山区,景山区古城南里8号（1号线古城站C口）,1707,4.7,010-88922288,2014,2009,252
海友酒店(北京大观园店),西城区,西城区南菜园街丁35号,1638,4.7,010-83525866,2014,2014,208
格林豪泰快捷酒店(北京首都机场第二店),顺义区,顺义区天竺镇天竺中街4号（天竺大街与天北路交叉口）,1448,4.7,010-64576112/52138888,2014,2014,560
桃丝主题酒店(亚运村店),朝阳区,朝阳区安定路安苑北里14楼奥体公寓东门（安慧桥南侧）,855,4.7,010-64946883,2014,2012,1239
富润饭店(牛街店),西城区,西城区广内大街甲116号,661,4.7,010-83529929,2014,2008,320
莫泰酒店(北京王府井步行街店),东城区,东城区金鱼胡同19号（近王府井步行街，距地铁灯市口站500米）,492,4.7,010-51671666,2014,2007,422
汉庭(北京天坛店),东城区,东城区天坛路57号（近崇文门外大街）,435,4.7,010-52171234,2014,2010,200
7天连锁酒店(北京中关村理工大学店),海淀区,海淀区魏公村路8号院6号楼（魏公村路与民族大学西路交叉口）,340,4.7,010-88411855,2014,2010,453
海友酒店(北京方庄东路店),朝阳区,朝阳区左安门外饮马井45号（紫芳路与方庄东路交口往北150米）,277,4.7,010-67652115,2014,2014,218
北大荒宾馆,朝阳区,朝阳区大屯街道小营中路安慧东里21号楼,180,4.7,010-64910143,2014,1990,418
如家酒店(北京菜市口地铁站店),西城区,西城区广安门内大街104号（靠近两广路路南牛街路口向东100米）,173,4.7,010-83559688,2014,2010,360
山水时尚酒店(前门店),西城区,西城区仁民路甲11号（近仁寿路）,2051,4.7,010-63048088-0,2013,2013,360
速8酒店(北京天和晟玉泉路店),丰台区,丰台区小屯路4号院1号楼（距离玉泉路地铁口1.5公里）,833,4.7,010-68699988,2013,2009,380
汉庭(北京前门大街店),西城区,西城区西经路1号（友谊医院西门对面）,661,4.7,010-63153388,2013,2012,417
北京鑫坤宾馆,海淀区,海淀区高粱桥路59号院长河湾2号楼底商（西直门）,427,4.7,010-82191360,2013,2007,268
山水时尚酒店(北京芍药居店),朝阳区,朝阳区芍药居北里甲207号楼（北门）,356,4.7,010-52090000,2013,2007,379
北京金霖酒店,东城区,东城区珠市口东大街18号,309,4.7,010-67010006,2013,2017,616
昆泰宾馆(灵境胡同地铁站店),西城区,西城区辟才胡同宏汇园18号楼1层（地铁4号线灵境胡同站D口出西行300米，金融街附近）,294,4.7,010-66151516,2013,2010,280
如家酒店(北京牛街店),西城区,西城区牛街1号,171,4.7,010-83560662,2013,2013,408
中土大厦,海淀区,海淀区北蜂窝6号（北京西站东北侧900米）,106,4.7,010-51818888,2013,1997,1984
漳泽酒店,东城区,东城区法华南里1号楼（文章胡同巷内）,2006,4.7,010-67173366,2012,2007,204
优舍酒店,海淀区,海淀区车道沟1号,907,4.7,010-68731863/18701233685,2012,2009,246
北京格林宾馆,西城区,西城区背阴胡同甲35号（西单北大街灵境胡同中间红绿灯往南50米）,683,4.7,010-83167777,2012,2009,268
宜必思酒店(大成路店),丰台区,丰台区大成路19号（近青塔西街）,525,4.7,010-68671177/68694688,2012,2012,261
泰悦豪庭酒店,朝阳区,朝阳区南三里屯路16号（白家庄路口）,455,4.7,010-85952277,2012,2004,625
北京保利大厦,东城区,东城区东直门南大街14号（东四十条桥东北角）,149,4.7,010-65001188,2012,1992,1570
如家酒店(北京十里河地铁站店),朝阳区,朝阳区十里河桥东800米（居然之家南侧）,1450,4.7,010-87365799,2011,2011,263
锦江之星(北京珠市口店),东城区,东城区金鱼池中街西晓市街72号（金鱼池西街口）,1219,4.7,010-67025959,2011,2011,299
金凯福宾馆,海淀区,海淀区西直门北大街明光村幼四号楼明光村小区内（文慧桥西北角，天兆家园东门北侧）,875,4.7,010-62247088/62241018,2011,2007,255
7天连锁酒店(北京东四南锣鼓巷店),东城区,东城区东四六条45号,1677,4.7,010-84017688,2010,2006,326
7天优品酒店(北京五棵松店),丰台区,丰台区西四环中路82号院13号楼（华电热电厂侧面，北京长峰医院斜对面）,1198,4.7,010-59260377/59260309,2010,2010,315
7天连锁酒店(北京农大南路店),海淀区,海淀区天秀路（309医院对面）,449,4.7,010-62895767,2010,2010,463
鑫海锦江大酒店,东城区,东城区金宝街61号,237,4.7,010-58163388,2010,2005,1081
华利佳合商务酒店,西城区,西城区月坛南街中段三里河一区乙68号（近三里河邮局北）,68,4.7,010-68536118/68516303,2010,2010,226
山水时尚酒店(北京西站店),丰台区,丰台区太平桥路44号（太平桥路和马连道南街交叉口处，电力医院东门往南300米红绿灯旁）,840,4.7,010-52253333,2008,2008,329
7天连锁酒店(北京大观园店),西城区,西城区鸭子桥路39号（白纸坊桥西丁字路口左转400米）,585,4.7,010-63301688,2008,2007,231
永兴花园饭店,海淀区,海淀区阜成路101号,160,4.7,010-88111188,2008,2002,586
北京凯迪克格兰云天大酒店,朝阳区,朝阳区亚运村北辰东路18号,160,4.7,010-84971188,2008,2008,1012
汉庭(北京中关村南店),海淀区,海淀区大柳树路甲17号院（近大慧寺）,584,4.7,010-62131818,2007,2007,370
如家联盟华驿酒店(北京南站北广场东店),东城区,东城区永外车站路20号（北京南站北广场往东400米，永定门长途汽车站售票大厅门口旁）,609,4.6,010-83109796,2018,2018,178
盛厦宾馆,朝阳区,朝阳区东三环北路16号农展馆新馆南路农展南里底商（近农展馆南路）,437,4.6,010-65916188,2018,2010,98
国瑞百捷酒店(北京站崇文门店),东城区,东城区北花市大街9号国瑞城东区1号楼（临近北京站、崇文门5号线地铁口G口出）,24361,4.6,010-67161055,2017,2010,253
高迪莱克优选酒店,朝阳区,朝阳区小天竺路3号（北京国都大饭店南门对面，距机场2.5千米）,3526,4.6,010-64571058,2017,2016,218
百时快捷酒店(北京天坛店),东城区,东城区法华南里10号（近地铁5号线天坛东门站B口出）,1727,4.6,010-67155599,2017,2009,170
青年酒店(后海店),西城区,西城区鼓楼西大街207号（后海地区，近地铁站2号线积水潭地铁C出口站）,1490,4.6,010-64010868/64019008,2017,2015,60
凯逸酒店,丰台区,丰台区西四环南路38号,1181,4.6,010-63836658/63856797,2017,2010,200
朵哈快捷酒店(儿童医院店),西城区,西城区白云路7号院,749,4.6,010-63480890,2017,2017,268
七巧屋时尚酒店(宋家庄地铁站店),丰台区,丰台区宋庄路73号甲1号楼（地铁5号10号亦庄线交汇宋家庄地铁站G出口西2米）,729,4.6,010-67677678,2017,2017,291
万泰星怡酒店,丰台区,丰台区马家堡路23号,683,4.6,010-56189000,2017,2017,169
蓉蓉酒店,海淀区,海淀区万泉庄路万泉庄北社区10号楼,329,4.6,010-82661552,2017,2013,310
北京麦特酒店公寓,朝阳区,朝阳区建华南路6号院地杰长安驿A座,316,4.6,15311707171,2017,2017,428
希岸酒店(北京天桥店),西城区,西城区东经路42号,103,4.6,010-63032968/13521330205,2017,2017,391
格林联盟酒店(北京天坛东门店),东城区,东城区体育馆西路7-2号（红桥市场东100米）,3915,4.6,010-67120090/67129680,2016,2009,279
99优选酒店(北京达官营地铁站店),西城区,西城区广安门外大街305号八区荣丰2008小区南门16号楼（地铁7号线达官营站B口向北200米）,1691,4.6,010-51930555/51930155,2016,2016,217
速8酒店(北京鸟巢民族园西路店),朝阳区,朝阳区亚运村民族园西路华严北里小区51号楼（距离健德门地铁站900米）,1181,4.6,010-62027399/62021899/13911264482,2016,2016,390
速8酒店(北京南站洋桥店),丰台区,丰台区马家堡东路71号立业大厦三层（洋桥南300米）,936,4.6,010-51165025/51165027/13381418810/15810189760,2016,2016,241
阜成门宾馆,西城区,西城区南礼士路3号（阜外医院东门南150米、无停车位）,883,4.6,010-68016701,2016,2012,438
百时快捷酒店(北京广安门店),西城区,西城区广安门南街56号（白纸坊桥东南侧300米，近大观园）,715,4.6,010-83518199,2016,2011,149
凯宾健身酒店,丰台区,丰台区西四环中路130号（岳各庄桥东侧辅路，岳各庄批发市场北侧）,638,4.6,010-51211618,2016,2017,254
99优选酒店(北京天桥永安路店),西城区,西城区永安路102号南（新华书店-标准计量书店，徐悲鸿初中部旁）,548,4.6,010-83139986,2016,2016,189
汉庭(北京四惠东地铁站店),朝阳区,朝阳区康家沟145号院内（一号线地铁四惠东站B出口向东100米）,402,4.6,010-63782666,2016,2016,360
速8酒店(北京潘家园地铁站店),朝阳区,朝阳区松榆西里45号楼东三环边（潘家园桥东南角，距潘家园地铁站200米）,364,4.6,010-61057888,2016,2016,268
7天连锁酒店(北京南站南广场洋桥店),丰台区,丰台区马家堡路洋桥北里小区20号楼,321,4.6,010-87271558/67232131,2016,2016,284
海友酒店(北京天安门广场店),西城区,西城区西河沿街135号,218,4.6,010-83151371,2016,2016,294
布丁酒店(北京西站店),丰台区,丰台区西三环南路甲6号（国统宾馆对面）,7041,4.6,010-65025188/63334266,2015,2015,199
锦江之星(北京清华东门店)(原双清路店),海淀区,海淀区双清路1号2号楼（地铁15号线清华东路西口站向北2公里）,1231,4.6,010-62955757,2015,2013,322
7天连锁酒店(北京三元桥地铁站国展中心店),朝阳区,朝阳区七圣南路西坝河南里3号楼（距国际展览中心西门100米）,1167,4.6,010-64615156,2015,2015,242
北京和平街宾馆(原云龙之星宾馆),朝阳区,朝阳区和平里东街和平街十三区4号楼（近地铁5号线和平西桥站B口）,1010,4.6,010-64220570,2015,2008,268
有家国际青年旅舍,朝阳区,朝阳区朝阳路金台里10号楼（红庙路口北公交站南120米）,545,4.6,010-65976597,2015,2006,169
途179mini酒店(西单店),西城区,西城区太仆寺街48号,333,4.6,010-66010505,2015,2015,264
美景客栈(潘家园店),朝阳区,朝阳区华威南路潘家园十里河弘善家园116号楼,277,4.6,13910836101,2015,2015,221
新世盛唐快捷酒店,朝阳区,朝阳区左安门外紫芳路5号院3号楼（紫芳路与方庄东路交汇处，新坐标小区南门对面）,123,4.6,010-87610065/87610067,2015,2010,252
卡普连锁酒店(北京南站店),丰台区,丰台区马家堡东路57号,4566,4.6,010-83160606-0,2014,2014,199
玖玖酒店(北京南站店),丰台区,丰台区右安门外大街与玉林南路交汇处往东100米（金彩摇篮幼儿园二楼）,2514,4.6,010-58492010/15340035614,2014,2011,147
7天连锁酒店(北京西客站北广场店),丰台区,丰台区莲花池东路126号,1789,4.6,010-63977719,2014,2007,305
五通快捷酒店(北京站店),东城区,东城区站盔甲厂2号（紧邻北京站，距离北京站200米）,828,4.6,010-65267685,2014,2014,155
观唐假日酒店,朝阳区,朝阳区北苑路甲176号（欧陆经典大厦西南角）,668,4.6,010-64921818,2014,2013,310
如家酒店(北京工体蓝岛店),朝阳区,朝阳区芳草地西街15号,406,4.6,010-53525777,2014,2014,386
北京奥加美术馆酒店,朝阳区,朝阳区东直门外大街26号（澳大利亚、加拿大使馆对面）,346,4.6,010-64153388,2014,2003,554
格林豪泰快捷酒店(北京房山长阳镇加州水郡店),房山区,房山区长阳镇溪雅苑路13号,293,4.6,010-60305611,2014,2014,217
北京山西大厦金辇酒店,丰台区,丰台区南三环西路洋桥西里甲1号山西大厦,125,4.6,010-87899999,2014,2014,890
世纪星豪酒店,海淀区,海淀区蓝靛厂东路金源购物中心B座地铁10号线长春桥A口向西,2808,4.6,010-88841399/18801021859,2013,2013,435
利合家美酒店(西站北广场店),丰台区,丰台区莲花池东路120号-2号（近西站北广场）,1095,4.6,010-51931118,2013,2011,246
7天连锁酒店(北京方庄地铁站店)(原北京方庄桥店),丰台区,丰台区左安门外于家坟157号（方庄桥南500米）,526,4.6,010-87526100/61004191,2013,2013,189
吉尔达宾馆,西城区,西城区大栅栏街11号,510,4.6,010-83150793,2013,2014,168
格林联盟酒店(北京明光桥店),海淀区,海淀区明光路9号（明光桥往西200米左右路北）,259,4.6,010-62267992,2013,2013,322
鄂尔多斯艾力酒店,东城区,东城区金宝街18号（金宝街与宝盖胡同交汇处）,184,4.6,010-58121888,2013,2008,764
浙江大厦,朝阳区,朝阳区北三环中路安贞西里三区26号,133,4.6,010-64453388,2013,2002,888
汉庭(北京工业大学店),朝阳区,朝阳区西大望路松榆东里14号楼（工业大学西门向南200米）,786,4.6,010-87376362,2012,2012,389
康福瑞连锁酒店(北京学院南路店),海淀区,海淀区学院南路33号（中央财经大学东侧，近地铁13号线大钟寺站A口）,726,4.6,010-62186218,2012,2006,549
北京贝尔特酒店,东城区,东城区崇文门外大街3-18号（近新世界商场）,689,4.6,010-67081188,2012,1998,770
北京海阳光青年旅馆,海淀区,海淀区海淀桥北海淀路北京大学南门对面中成大厦九层,423,4.6,010-62613411,2012,2010,112
7天连锁酒店(北京南站角门西地铁站店),丰台区,丰台区角门路2号院（千百家农副产品市场旁）,512,4.6,010-58312977/58312862,2011,2011,210
行者居连锁宾馆,丰台区,丰台区东铁营南窑村35号（近美廉美）,293,4.6,010-67602899,2011,2011,179
汉庭(北京国贸双井地铁站店),朝阳区,朝阳区东三环南路48号（近双井桥）,843,4.6,010-67766600,2010,2010,417
7天连锁酒店(北京朝阳公园地铁站店),朝阳区,朝阳区团结湖东里12号E座（妇产医院对面胡同内30米）,411,4.6,010-85969788,2010,2010,284
汉庭(北京中关村学院桥店),海淀区,海淀区学院路31号（学院桥西北侧）,202,4.6,010-82326688,2010,2010,560
蓝海宾馆(三元桥店),朝阳区,朝阳区三源里街13号楼,130,4.6,010-64679558/64689558,2010,2010,217
北京新侨诺富特饭店,东城区,东城区崇文门西大街1号,319,4.6,010-65133366,2008,1954,827
富驿时尚(燕莎店),朝阳区,朝阳区麦子店西街39号,157,4.6,010-65848000,2008,2008,384
如家酒店(北京国展左家庄店),朝阳区,朝阳区左家庄中街4号,2398,4.6,010-64686868,2007,2007,246
御乔轩快捷酒店,朝阳区,朝阳区十里河家具大道1号,1897,4.5,010-67498787,2018,2018,247
希岸・轻雅酒店(北京西站店),西城区,西城区莲花河胡同1号院1号楼,571,4.5,010-63483891/13811435111,2018,2018,369
北京鹏博瀚连锁酒店,西城区,西城区大栅栏西街6号（现7天连锁酒店）,140,4.5,010-63030790,2018,2017,209
世源商务酒店,朝阳区,朝阳区建国门外大街永安里中街25号（距永安里地铁站LG大厦出口500米）,127,4.5,010-65682121,2018,2012,362
HappyHouse非凡青年旅舍(朝阳大悦城店),朝阳区,朝阳区珠江罗马嘉园107号院30栋（朝阳大悦城旁，青年路站A口100米）,113,4.5,18310062297,2018,2018,72
鑫达宾馆(天坛东门地铁站店),东城区,东城区天坛东路13号（交通银行南口胡同内）,2707,4.5,010-67061696,2017,2010,118
速8酒店(北京前门珠市口西大街店),西城区,西城区珠市口西大街石头胡同65号（距离虎坊桥地铁518米）,2095,4.5,010-63011382,2017,2017,308
7天优品酒店(北京国贸店),朝阳区,朝阳区西大望路下甸厂坡村16号（八王坟长途汽车站对面，通惠小镇旁）,1000,4.5,010-87722666,2017,2007,294
西国贸水会酒店,丰台区,丰台区丰管路16号（丰益桥西，北京西国贸大酒店副楼）,595,4.5,010-83832333,2017,2017,354
译夫宾馆(国展店),朝阳区,朝阳区西坝河路西坝河北里26号院四号楼（太阳宫乡政府隔壁）,515,4.5,010-64460591/13671173132,2017,2017,242
速8酒店(北京长椿街地铁站西便门店),西城区,西城区西二环西便门东里13号楼一层大堂（天宁寺桥东北角）,479,4.5,010-63150155,2017,2017,338
7天连锁酒店(北京广安门内地铁站店),西城区,西城区广安门内大街德源胡同8号（菜百黄金向西100米/浦发银行南面）,381,4.5,010-83910377,2017,2015,453
粮仓国际青年旅舍,西城区,西城区掌扇胡同22号（与煤市街交汇处）,349,4.5,010-63180226,2017,2015,80
23号快捷酒店,海淀区,海淀区永定路23号院,267,4.5,010-88269980,2017,2017,286
运7酒店(馨洁园店),朝阳区,朝阳区朝阳路35号,149,4.5,010-85762098,2017,2017,220
布丁酒店(北京天坛南门店),丰台区,丰台区南二环蒲黄榆二里12号,1322,4.5,010-56257868/67673536,2016,2016,158
万萃苑商务快捷酒店(德胜门店),西城区,西城区人定湖西里13号楼（自动化研究所北门）,1226,4.5,010-62046180/62047909,2016,2010,244
速8酒店(北京奥林匹克公园宝盛里店),海淀区,海淀区永泰庄东路南口东滨河4号（永泰庄东路与龙岗路交叉口南侧，首佳利华西南1门对面）,980,4.5,010-82817052/82817032,2016,2016,265
缘元酒店,西城区,西城区车公庄大街北里2号院,858,4.5,010-68358375,2016,2016,297
小筑主题酒店(三元桥店),朝阳区,朝阳区朝阳党校路（与静安东街交叉口，距国门汉美30米）,566,4.5,010-64606589,2016,2007,208
红苹果连锁酒店(同仁医院北京站店),东城区,东城区国瑞东路30号（与崇文门外大街交汇处）,562,4.5,010-67195697,2016,2017,188
北京华侨大厦,东城区,东城区王府井大街2号,169,4.5,010-65136666,2016,1992,712
唯爱主题酒店,朝阳区,朝阳区八里庄东里1号楼,1162,4.5,010-65569660/15811162480,2015,2015,315
速8酒店(北京南站角门西地铁站店),丰台区,丰台区马家堡西路15号4层106号（地铁十号线四号线角门西地铁站E出口处）,941,4.5,010-67571230,2015,2013,340
爬梯国际青年旅舍(后海店),西城区,西城区安德里北街2号（地铁8号线D口出西100米）,784,4.5,010-62069911,2015,2015,295
星星之家青年旅社,海淀区,海淀区中关村苏州街西屋国际A座,709,4.5,18910161473,2015,2015,83
7天连锁酒店(北京青年路地铁站店),朝阳区,朝阳区青年路西里115号（青年路与姚家园路交界处向南500米）,543,4.5,010-52062302,2015,2015,263
朝新盛林假日酒店(双桥店),朝阳区,朝阳区双桥中路与金卫路交汇处西南角,531,4.5,010-85383533,2015,2015,312
格林联盟酒店(北京西站北广场店),海淀区,海淀区莲花池东路中土大厦西侧100米（西客站北广场东行600米）,325,4.5,010-51937766,2015,2014,370
海逸华安酒店,海淀区,海淀区中关村东路123号院1号楼都市网景A座（北三环联想桥北300米路西）,255,4.5,010-62127897,2015,2016,295
京华酒店式公寓,海淀区,海淀区中关村知春路紫金数码园2号楼5层517,253,4.5,010-62662034,2015,2008,299
派酒店(北京牡丹园龙翔路店),海淀区,海淀区龙翔路12号（北京辰茂鸿翔酒店斜对面100米）,145,4.5,010-82012090/62015781,2015,2015,305
昌浩商务酒店(北京南站店),丰台区,丰台区右安门外大街开阳里6区15号,2283,4.5,010-63576388/83539288,2014,2014,294
7天连锁酒店(北京南站陶然亭地铁站店),西城区,西城区半步桥街14号,1503,4.5,010-63577575,2014,2013,220
7天连锁酒店(北京新街口地铁站店),西城区,西城区南草厂街大后仓胡同21号（近地铁4号线新街口站D口）,1499,4.5,010-66561126/66560483,2014,2012,305
7天连锁酒店(北京潘家园店),朝阳区,朝阳区劲松南路劲松七区内甲706号楼（近第四小学、肿瘤医院、潘家园市场）,1156,4.5,010-87702288,2014,2010,253
7天连锁酒店(北京国贸劲松地铁站店),朝阳区,朝阳区劲松南路5号院内,835,4.5,010-87722388,2014,2007,284
速8酒店(北京潘家园路店),朝阳区,朝阳区潘家园东路甲2号（近潘家园，中国医学科学院肿瘤医院）,552,4.5,010-67701243/87717750,2014,2014,248
汉庭(北京工体蓝岛店),朝阳区,朝阳区芳草地西街15号（昆泰大厦南端朝外南街于芳草地西街交叉口往南50米路西）,836,4.5,010-53525555,2013,2013,465
蓟门旅馆,海淀区,海淀区蓟门桥政法大学南门向西明光路5号楼3层（近地铁13号线大钟寺站）,671,4.5,010-62237882,2013,2007,118
汉庭(北京永定门外地铁站店),东城区,东城区永定门外大街安乐林路琉璃井38号永定门外站C口往东200米或景泰地铁站500米（近永定门饭店）,566,4.5,010-67282188,2013,2013,256
聚鑫仁和宾馆,海淀区,海淀区志新西路（科大附小东门对面）,516,4.5,010-82388996,2013,2008,334
北京希尔顿逸林酒店,西城区,西城区广安门外大街168号,235,4.5,010-63381888,2013,2008,897
北土城快捷宾馆,朝阳区,朝阳区北土城西路16号地铁10号线健德门站C口东150米处,140,4.5,010-62053271,2013,2013,366
曲园快捷酒店,海淀区,海淀区志新东路8号,7113,4.5,010-62329232/62329233,2012,2012,231
诚泰商务酒店,东城区,东城区东四北大街320号,3650,4.5,010-64033926-6001/64076992-6001,2012,2005,258
布丁酒店(北京国贸潘家园地铁站店),朝阳区,朝阳区潘家园松榆北路2号（地铁潘家园地铁站B口出）,1857,4.5,010-87375529,2012,2012,208
99优选酒店(北京角门东地铁站店),丰台区,丰台区角门东里12号楼,1831,4.5,010-67538188,2012,2015,193
瓦当国际青年旅舍,西城区,西城区新街口南大街北帽胡同8号（近护国寺小吃街）,1456,4.5,010-66150596,2011,2011,80
7天连锁酒店(北京青年路地铁站大悦城店),朝阳区,朝阳区朝阳路黄杉木店路188号（朝阳大悦城附近）,991,4.5,010-58636777,2011,2011,252
汉庭(北京花园桥店),海淀区,海淀区北洼路26号北洼东街内首师大北一校区,474,4.5,010-68420202,2011,2011,446
世家精品酒店,朝阳区,朝阳区农展馆南里12号（近农展馆南路）,419,4.5,010-65925808,2011,2011,360
速8酒店(北京西直门店),西城区,西城区西外大街德宝新园11号（北京展览馆隔壁）,412,4.5,010-68367008/68367010,2011,2005,350
海友酒店(北京赵公口店),丰台区,丰台区定安东路12号（地铁5号线刘家窑站A口出右侧约600米，赵公口桥右侧60米）,396,4.5,010-67652250,2011,2015,199
汉庭(北京西站南广场店),丰台区,丰台区太平桥东里16号（近西站南路）,858,4.5,010-63497979,2010,2010,408
7天连锁酒店(北京蓟门桥店),海淀区,海淀区蓟门里小区甲4号楼（近三环边上）,345,4.5,010-82095788,2010,2010,474
如家酒店(北京新街口地铁站店),西城区,西城区西直门内大街北草厂胡同玉桃园3区11号楼（4号线新街口站A口出200米即到）,1401,4.5,010-82221666,2008,2008,360
北京天伦王朝酒店,东城区,东城区王府井大街50号（近天主教堂东堂）,400,4.5,010-58168888,2008,1990,928
京泰龙国际大酒店,东城区,东城区珠市口东大街19号（近前门步行街，地铁7号线珠市口站附近）,166,4.5,010-67075888,2008,2008,635
广州大厦,西城区,西城区西单横二条甲3号，近西单文化广场,498,4.5,010-58559988,1999,1999,753
速8酒店(北京国展东直门店),朝阳区,朝阳区左家庄西街12号楼2层（中国国际展览中心南900米路东）,1205,4.4,010-64650556/84543685,2018,2018,268
格林豪泰快捷酒店(北京天安门大栅栏店),西城区,西城区前门大栅栏西街56号,1909,4.4,010-63156115/63156116,2017,2017,455
西翠之旅宾馆(北京广安门店),西城区,西城区广安门外车站东街9号（椿树馆小学对面）,886,4.4,010-51923966-0/51926005,2017,1985,266
禧龙宾馆(夕照寺店),东城区,东城区夕照寺街14号（临近广渠门地铁站）,6990,4.4,010-67189199,2016,2011,158
布丁酒店(北京南锣鼓巷后海店),东城区,东城区交道口南大街与秦老胡同交叉口（距南锣鼓巷500米）,4289,4.4,010-84013808,2016,2015,229
7天连锁酒店(北京西客站六里桥地铁站店),丰台区,丰台区万丰路小井村548号（六里桥往西800米，小井桥往南200米）,2194,4.4,010-63848060/63855050,2016,2010,199
速8酒店(北京前门琉璃厂店),西城区,西城区大安澜营胡同18号（近天平商务楼，距虎坊桥地铁站500米）,2118,4.4,010-59444053,2016,2016,258
悠悠住轻奢连锁酒店(南锣鼓巷/雍和宫店),东城区,东城区安定门内大街187号（近雍和宫、南锣鼓巷）,1434,4.4,010-57037655,2016,2010,274
速8酒店(北京西站湾子地铁站店),西城区,西城区马连道9号茶院（距湾子地铁站D口300米）,1346,4.4,010-63309919,2016,2017,328
锦居快捷酒店,西城区,西城区马连道南街依莲轩小区东门（地铁7号线湾子站D口出南行550米）,1134,4.4,010-83069299/83069399/13718773960,2016,2013,221
鑫海宾馆(北京西站店),西城区,西城区广安门外小红庙11号（西站附近）,1124,4.4,010-63465911,2016,2016,210
尚格乐居酒店(北京朝阳大悦城店),朝阳区,朝阳区青年路115号国美第一城2区,787,4.4,010-52066880,2016,2016,158
雨林主题酒店(北京方庄路店),丰台区,丰台区方庄南路18号院12号楼一层二层（方庄桥南400米东侧）,781,4.4,010-56051066/18210408757,2016,2016,311
天悦快捷酒店(师范大学店),海淀区,海淀区文慧园路小西天志强北园甲3号,495,4.4,010-82220490,2016,2013,306
派酒店(北京前门大栅栏店),西城区,西城区前门铁树斜街55号,382,4.4,010-63047490,2016,2016,294
北京胡同文化酒店(原新太仓宾馆),东城区,东城区东直门内大街新太仓胡同12号（近雍和宫）,371,4.4,010-84031871,2016,2009,258
美莲宾馆,东城区,东城区红星胡同22号（近协和医院、王府井大街）,259,4.4,010-65226897/18515310230,2016,2016,199
京一食四合院客栈,西城区,西城区前门大栅栏铁树斜街27号,247,4.4,010-63040749,2016,2011,80
北京启凡青年旅舍,西城区,西城区柳巷冠英园西区20号楼,201,4.4,010-66159799,2016,2016,70
99优选酒店(北京牡丹园健德门地铁站龙翔路店),海淀区,海淀区龙翔路12号（鸿翔大厦向东50米）,201,4.4,010-57020799,2016,2017,266
九十九连锁宾馆,东城区,东城区东花市大街北里东区1号1幢（东花市大街与白桥大街交叉口，东便门桥南100米）,20174,4.4,010-67164115/67162315,2015,2015,210
速8酒店(北京前门大栅栏西街店),西城区,西城区前门大栅栏西街56号（麦当劳对面200米，德缘烤鸭店斜对面）,3590,4.4,010-83197822,2015,2017,309
7天连锁酒店(北京四惠地铁站店),朝阳区,朝阳区四惠桥东500米盛世龙源11号（9号温泉）,1801,4.4,010-87706977,2015,2011,253
万程连锁酒店(前门店),西城区,西城区大栅栏西街15号（地铁2号线前门站C口出，距煤市街南500米）,1722,4.4,010-63151088/63028288,2015,2015,198
小筑主题酒店(亚运村精品店),朝阳区,朝阳区安苑路20号世纪兴源大厦旁（奥体东门，地铁惠新西街南口站）,1425,4.4,010-64813008/64812177,2015,2015,210
双龙快捷酒店(二部),朝阳区,朝阳区周庄路168号天海龙物业管理公司商业楼二楼（十里河地铁D出口美联天地600米）,1390,4.4,010-67327888/13114999553/15711252280,2015,2008,175
7天连锁酒店(北京鸟巢店),朝阳区,朝阳区安慧北里逸园23号楼东侧（近北苑路）,1143,4.4,010-64961388,2015,2010,305
汉庭(北京西站北广场店),丰台区,丰台区莲花池东路120-2号北恒大厦,905,4.4,010-51761111,2015,2013,389
建兴达招待所,海淀区,海淀区知春路17号知春嘉园3号楼3A层,748,4.4,010-82335735,2015,2015,163
聚兴源宾馆,西城区,西城区前门博兴胡同8号（与煤市街交汇处）,664,4.4,15712867043,2015,2010,152
盐湖宾馆,海淀区,海淀区莲花池东路北小马厂8号楼,663,4.4,010-51876917/63497255,2015,2015,288
汉庭(北京永定门店),东城区,东城区永定门外彭庄乙58号（南二环陶然桥西南角）,350,4.4,010-52979898,2015,2012,398
礼如士家宾馆,西城区,西城区西便门东街甲2-2（中央音乐学院西150米）,316,4.4,010-86096276,2015,2015,263
易佰连锁旅店(北京左安门店),丰台区,丰台区芳城园一区2号楼（左安门环岛西南侧丰台体坛中医医院后面）,255,4.4,010-67644548/18730068165,2015,2012,188
北京新升宾馆,西城区,西城区大栅栏西街朱家胡同6号（近大栅栏西街）,1423,4.4,010-63035584,2014,2006,139
京A8商务酒店,海淀区,海淀区莲宝路10号商业楼,1206,4.4,010-63251668/63251665,2014,2013,328
7天连锁酒店(北京马甸桥店),西城区,西城区德胜门外大街2号马甸立交桥东南角,973,4.4,010-82284469,2014,2008,284
99优选酒店(北京右安门西街店),西城区,西城区右安门西街4号,788,4.4,010-63573165,2014,2014,168
99旅馆连锁(北京王府井灯市口地铁站店),东城区,东城区演乐胡同88号（协和医院北0.8公里）,439,4.4,010-65231677,2014,2013,229
西单古德豪斯酒店,西城区,西城区西单横二条2号华恒大厦二层（近西单商场）,157,4.4,010-66026361,2014,2008,289
福地凰城酒店,东城区,东城区东四北大街钱粮胡同17号（近美术馆）,1287,4.4,010-57642999,2013,2011,431
速8酒店(北京天坛西门店),西城区,西城区禄长街头条2号,873,4.4,010-67601188,2013,2013,245
99旅馆连锁(北京西客站店),西城区,西城区莲花池东路24号甲一号楼（距北京西站1.2千米）,748,4.4,010-63406799/63450690,2013,2014,209
如家酒店(北京建国路万达广场店),朝阳区,朝阳区建国路93号万达广场19号楼,199,4.4,010-58203999,2013,2011,522
格林豪泰快捷酒店(北京天坛南门店),丰台区,丰台区光彩路贾家花园3号院6号楼,322,4.4,010-87267998,2012,2012,313
豪庭国际酒店,朝阳区,朝阳区朝阳北路雅成一里18号楼（近青年路）,71,4.4,010-85517599/85527599,2012,2012,758
祥伦旅社,西城区,西城区粮食店街63号（2号线前门地铁站C口南500米，7号线珠市口地铁站A口北50米）,4182,4.4,010-63037963/63047007/83161823/63032736,2011,1993,118
平安京忆栈酒店,朝阳区,朝阳区光熙门北里34号（太阳宫医院附近、爱琴海对面）,838,4.4,010-64228181/64227406,2011,2011,389
宁夏大厦,东城区,东城区安定门内大街分司厅胡同13号,698,4.4,010-64009999,2010,2004,512
盛元香江酒店,东城区,东城区安定门外大街青年湖北里5号（近中国黄金旗舰店）,239,4.4,010-84114818/13552803703,2010,2010,268
北京前门宾馆,西城区,西城区杨梅竹斜街9号（天安门南500米，地铁2号线前门站C口出南行300米）,129,4.4,010-63036543,2010,2010,200
叠玉宾馆,海淀区,海淀区志新东路14-4号（近志新路）,5013,4.4,010-62313129/62310025,2008,2006,211
汉庭(北京德胜门店),西城区,西城区六铺炕三区9号北楼（近大井胡同）,365,4.4,010-82078787,2007,2007,398
瑞嘉宾馆,西城区,西城区百万庄大街41号,264,4.4,010-68361166,2007,2007,650
如家联盟华驿酒店(北京前门珠市口地铁站店),东城区,东城区西草市东街42号,1625,4.3,010-67010858/57147240,2018,2018,168
紫元恒假日酒店(前门大栅栏店),西城区,西城区前门大栅栏煤市街15号,699,4.3,010-63045306,2018,2010,240
前门佳合宾馆(北京天安门广场店),东城区,东城区前门东大街16-4号,253,4.3,010-67011926,2018,2018,253
和颐酒店(财满街店),朝阳区,朝阳区朝阳路高井176号（民航医院正对面）,39,4.3,010-85758877/13301224992/18600058520,2018,2018,436
速8酒店(北京天坛景泰桥店),东城区,东城区永定门东滨河路11号（紧邻天坛南门200米，距景泰地铁站800米）,4223,4.3,010-87251748/51233133,2017,2011,168
鸿盛宾馆,海淀区,海淀区交大东路36号（交通大学东门斜对面）,1433,4.3,010-62215958,2017,2017,259
M家酒店(崇文门北京站店)(原嘉家快捷酒店),东城区,东城区西花市大街46号（临近北京站，近崇文门地铁站G口）,877,4.3,010-87189739,2017,2017,156
布丁酒店(北京南站6号到达口店),丰台区,丰台区北京南站站内地下一层6号到达口北侧二楼,862,4.3,010-63131128,2017,2017,227
速8酒店(北京国展左家庄店),朝阳区,朝阳区左家庄东街静安里南区37号楼二层,826,4.3,010-64645550,2017,2016,298
荣丰2008酒店(西客站店),西城区,西城区广安门外大街荣丰2008小区9号楼2层（近北京西站北广场、达官营地铁站B口）,609,4.3,010-51765555/15910215440,2017,2017,253
福鑫宾馆(天坛南门店),东城区,东城区琉璃井东街3号楼,318,4.3,010-67247968/18310347935,2017,2010,118
鸿炜亿家连锁酒店(北京陶然亭地铁站店),西城区,西城区右安门内大街59-13号（北京银行右安门支行向北10米路口内）,251,4.3,010-63538353,2017,2011,269
速8酒店(北京西站达官营地铁站店),西城区,西城区广安门外大街305号1号楼（近地铁7号线达官营B出口）,1693,4.3,010-57115708,2016,2016,227
速8酒店(北京南站开阳桥店),丰台区,丰台区开阳里一街2号楼,1203,4.3,010-83560173/83560541,2016,2015,238
北京曙辉快捷酒店,海淀区,海淀区羊坊店东路5号（军事博物馆地铁站南400米，北京西站北广场北700米）,1084,4.3,010-88456900/53360688/53360588,2016,2014,269
静雅时尚酒店(北京南站草桥地铁站店),丰台区,丰台区镇国寺北街恋日生活广场6号楼3层（近草桥地铁站B出口）,1034,4.3,010-87584270,2016,2016,131
速8酒店(北京朝阳大悦城青年路店),朝阳区,朝阳区青年路西里3号院2号楼（距离青年路地铁站1000米，国美第一城小区东南门）,960,4.3,010-52062372,2016,2012,238
大力宾馆(天安门店),西城区,西城区前门煤市街大力胡同17号（近地铁7号线珠市口站）,818,4.3,010-63033465,2016,2015,139
北京喜来顺宾馆,丰台区,丰台区角门东里7号楼,700,4.3,15811321978,2016,2016,125
99优选酒店(北京天安门广场店),东城区,东城区前门东大街甲12号（地铁2号线前门站B出口向东200米）,624,4.3,010-67019208,2016,2014,239
金丰宾馆,东城区,东城区西花市大街57号,363,4.3,010-67171566,2016,2016,190
居派空间公寓(电影学院店),海淀区,海淀区知春路太月园东门,336,4.3,15510253612,2016,2017,246
沐阳时尚连锁酒店(民航医院店),朝阳区,朝阳区朝阳路民航总医院正对面（顺丰快递旁）,314,4.3,010-58636822/13381150967,2016,2014,173
北京京瑞温泉国际酒店,朝阳区,朝阳区东三环南路17号（十里河桥京瑞大厦3层）,221,4.3,010-67668866,2016,1998,633
北京连升商务酒店,西城区,西城区前门大栅栏西街32号（近地铁2号线前门站C出口，煤市街南500米）,17338,4.3,010-63036074/83150871,2015,2008,186
速8酒店(北京海淀颐和园店),海淀区,海淀区青龙桥西街67号（颐和园北如意门对面）,2789,4.3,010-62886628/62886999,2015,2015,312
晋阳商务酒店(前门大栅栏店),西城区,西城区前门大栅栏街13号（地铁2号线前门站C口出向南200米，大栅栏步行街同仁堂药店斜对面）,2538,4.3,010-63030455,2015,2015,138
红苹果连锁酒店(财经大学店),海淀区,海淀区四道口路京果商厦A座3层301,1603,4.3,010-59446201/59446202,2015,2015,198
7天连锁酒店(北京马甸桥北店),西城区,西城区马甸桥北裕中西里小区34号（国美电器后侧）,1548,4.3,010-82086226,2015,2010,284
布丁酒店(北京国贸双井地铁站店),朝阳区,朝阳区广渠路66号院4号楼底商（朝阳区图书馆对面，百环家园旁）,1115,4.3,010-67776197,2015,2015,275
7天连锁酒店(北京中关村人民大学店),海淀区,海淀区苏州街49-7号（苏州街地铁站D口直走150米）,510,4.3,010-62577877,2015,2011,379
99优选酒店(北京西翠路店),海淀区,海淀区万寿路1号院（超市发后门，近五棵松体育馆）,292,4.3,010-68210513/68210523,2015,2015,206
易佰连锁旅店(北京地坛店),朝阳区,朝阳区民旺胡同9号（紧邻国展中心，东直门簋街）,2432,4.3,010-57261155,2014,2015,205
速8酒店(北京海淀花园桥店),海淀区,海淀区西三环北洼路32号华普超市2层（距离花园桥地铁700米）,1819,4.3,010-68785588,2014,2014,358
7天连锁酒店(北京西站南广场二店),丰台区,丰台区北京西站南路太平桥东里16号（建银饭店往南100米路东）,1490,4.3,010-87600068,2014,2014,284
99旅馆连锁(北京大红门石榴庄地铁站店),丰台区,丰台区南顶路4号（近海鲜市场）,1426,4.3,010-87262599,2014,2010,149
新华宜君宾馆,西城区,西城区佟麟阁路95号（地铁宣武门站A1口向西步行200米）,1313,4.3,010-66035835/66021171,2014,2014,253
如家酒店(北京蓝岛东大桥地铁站店),朝阳区,朝阳区工体东路20号春平广场五层（地铁东大桥站A口北行10米）,1106,4.3,010-65959388,2014,2014,388
7天连锁酒店(北京学院路六道口地铁站店),海淀区,海淀区学清路41号裕京大厦3-8楼（近农大）,941,4.3,010-82837988,2014,2008,347
速8酒店(北京海淀苏州桥店),海淀区,海淀区北三环西路62号（距人民大学800米）,886,4.3,010-68716717,2014,2013,460
速8酒店(北京崇文门同仁医院店),东城区,东城区西花市大街126号,370,4.3,010-67103322,2014,2015,308
炮局工厂青年旅舍,东城区,东城区炮局头条29号院（近雍和宫站地铁2号线B出口）,205,4.3,010-64027218,2014,2008,69
7天连锁酒店(北京西客站丽泽桥店),丰台区,丰台区西局南街21号院（居然之家南侧）,7644,4.3,010-63852368,2013,2011,199
派酒店(北京万寿路地铁站店),海淀区,海淀区玉渊潭南路翠微东里16号院（万寿路工商所旁）,3758,4.3,010-68255818,2013,2013,305
99旅馆连锁(北京木樨园店),丰台区,丰台区西木樨园7号楼二单元3层（木樨园桥环岛东北角）,2007,4.3,010-67227148,2013,2012,188
正阳悦嘉酒店,西城区,西城区莲花池东路102号天莲大厦（地铁七号线、九号线北京西站站北广场东300米）,1381,4.3,010-63377662/63377789,2013,2013,297
柯山宾馆,西城区,西城区南横西街春风社区11-13号（牛街南口向东300米，卫生学院对面）,972,4.3,010-51712377/51712311/13260182371,2013,2008,198
99旅馆连锁(北京通州新华大街东关大桥店),通州区,通州区通胡大街25号（河畔丽景小区院内）,777,4.3,010-89529339,2013,2010,116
中康国际酒店,朝阳区,朝阳区石佛营东里130号,736,4.3,010-85859999,2013,2008,890
99优选酒店(北京积水潭医院店),西城区,西城区新街口东街66号-2幢（积水潭医院南门西行300米）,559,4.3,010-83224801,2013,2012,199
百盈天天快捷酒店,丰台区,丰台区南三环与沙子口路交汇处东木樨园18号楼,2679,4.3,010-87299973,2012,2009,119
格林豪泰快捷酒店(北京国展三元西桥店),朝阳区,朝阳区左家庄北里41号（静安市场西50米）,1163,4.3,010-64666777,2012,2012,454
7天连锁酒店(北京西客站马连道店),西城区,西城区马连道路9-5号（机械大厦西南侧）,299,4.3,010-63328001/63326908/63327822,2012,2012,294
银兴九盛宾馆,朝阳区,朝阳区亚运村小营路9号银座九号大厦,228,4.3,010-64941923,2012,2012,238
7天连锁酒店(北京西客站南广场店),丰台区,丰台区广莲路9号（南广场东侧）,319,4.3,010-51937688,2011,2010,294
格林豪泰商务酒店(北京海淀学院路五道口地铁站店),海淀区,海淀区展春园西路2号（五道口地铁站，华联商厦南260米）,428,4.3,010-82379998,2010,2010,424
伯鑫宾馆(护国寺店),西城区,西城区护国寺街137号（近地铁4号线、6号线平安里站B口出）,5455,4.3,010-52607523,2009,2007,259
7天连锁酒店(北京火车站广渠门外地铁站店),东城区,东城区忠实里南街6号（近远洋德邑小区）,776,4.3,010-51015988,2009,2009,242
京豫春宾馆,朝阳区,朝阳区十里河街南路391号（离十里河地铁站300米，三环医院向北100米）,720,4.3,010-87363188,2008,2008,178
锦江之星(北京天桥店),西城区,西城区北纬路30号（距离天坛西门200米）,685,4.3,010-83156996,2008,2010,290
7天连锁酒店(北京天安门店),西城区,西城区西绒线胡同乙9号,231,4.3,010-66522288,2008,2008,431
北京香江戴斯酒店,东城区,东城区南河沿大街南湾子1号（近王府井金街，毗邻王府井金街西侧）,671,4.3,010-65127788,2007,2007,633
北京饭店,东城区,东城区东长安街33号（近王府井大街）,333,4.3,010-65137766,2006,2006,1042
速8艺术酒店(北京南锣鼓巷店),东城区,东城区鼓楼东大街北锣鼓巷甲99号（南锣鼓巷北口北20米）,1809,4.2,010-84083400/84084320,2018,2018,288
星程酒店(北京南站店),丰台区,丰台区南站北广场F1楼,325,4.2,010-51332222,2018,2010,368
新宇桥宾馆(北京安定医院店),西城区,西城区德外教场口街9号院6号楼,281,4.2,010-82067276,2018,2008,268
上林国际青年旅舍,西城区,西城区前门陕西巷22号（近小凤仙故居，地铁2号线前门站c出口）,1753,4.2,010-83166568,2017,2013,63
布丁酒店(北京西站南广场马连道茶城店),西城区,西城区马连道东街15号1号楼2层,767,4.2,010-63256635,2017,2017,208
客来快捷宾馆,西城区,西城区石头胡同85号,706,4.2,010-63011053,2017,2017,148
速8酒店(北京鸟巢惠新西街地铁站店),朝阳区,朝阳区北四环安慧里四区15号五矿大厦后侧（近5号线地铁惠新西街北口A出口）,692,4.2,010-58603856/58603857,2017,2017,364
布丁酒店(北京南站北进口店),丰台区,丰台区开阳路北京南站平面层北进口西侧2楼,229,4.2,010-63131228,2017,2017,265
格林豪泰酒店(北京东城王府井南锣鼓巷后海店),东城区,东城区地安门东大街41号,183,4.2,010-51491777,2017,2010,370
7天连锁酒店(北京鼓楼桥北店),东城区,东城区安德里北街25号（地铁8号线安德里北街D口出西行500米）,2079,4.2,010-62045899,2016,2012,368
宝福来宾馆,西城区,西城区前门大栅栏商业街内门框胡同30号,1280,4.2,010-63167517,2016,2008,144
便宜居连锁酒店(北京西四店),西城区,西城区西四南大街16号（邮政储蓄银行隔壁）,856,4.2,010-56216388,2016,2015,205
速8酒店(北京南站长途汽车站店),东城区,东城区南站幸福路彭庄37号（南站北出口向东500米）,350,4.2,010-63131508,2016,2017,238
怡莱酒店(北京王府井店),东城区,东城区朝阳门内大街271号物美超市东（东四地铁站5号线C口对面，6号线出E口向东侧）,262,4.2,010-84050887,2016,2005,289
如家联盟华驿酒店(北京站崇文门店),东城区,东城区西花市大街43号（近崇文门地铁站2号线C出口、5号线G出口）,10720,4.2,010-67115328,2015,2009,164
99优选酒店(北京西客站北广场店),西城区,西城区莲花池东路102号（北京西客站北广场）,2771,4.2,010-63377202,2015,2015,169
速8酒店(北京西站莲花桥店),丰台区,丰台区吴家场路莲花池西里8号院20号楼方润大厦1层,2470,4.2,010-63978755/63977399,2015,2015,273
德仙居宾馆(北京儿童医院店),西城区,西城区南礼士路三条儿童医院西门对面300米,1968,4.2,010-68066955/68066977/68066966/68066988/68022375,2015,2012,208
速8酒店(北京南三环沙子口店),东城区,东城区沙子口路76号（距地铁14号线永定门外地铁站800米）,1564,4.2,010-57515888,2015,2015,205
速8酒店(北京安定门外大街店),东城区,东城区安定门外大街64号（距2号地铁安定门站1000米，5号地铁和平里西街站1000米）,1510,4.2,010-84287090,2015,2015,228
海友酒店(北京南站东店),东城区,东城区永定门外彭庄甲58号（黎昌海鲜底商）,1144,4.2,010-52999959,2015,2015,179
99优选酒店(北京天坛北门店)(原坛北宾馆),东城区,东城区金鱼池西街6号楼（北京市十一中金鱼池校区对面）,1113,4.2,010-67022110,2015,2002,169
易佰连锁旅店(北京北京南站店),丰台区,丰台区北京南站站内B1层（5号售票处旁边）,975,4.2,010-83100910,2015,2014,203
华通国际青年旅舍(三里屯店),朝阳区,朝阳区春秀路一号（工人体育场北路与春秀路交叉口北行150米路东）,892,4.2,010-51909288,2015,2007,138
7天优品酒店(北京燕莎中心使馆区),朝阳区,朝阳区霄云路35号（国航大厦，北京现代汽车大厦对面）,795,4.2,010-52011666,2015,2010,305
东长安商务酒店,朝阳区,朝阳区白家庄路6号（工人体育场南路和三里屯南路的交叉口，朝阳医院东北角）,608,4.2,010-65086611,2015,2004,258
金涛连锁酒店(北京南站店),丰台区,丰台区右安门外大街与玉林南路交汇处往东100米路南（开阳路与玉林南路交汇西500米，近北京南站）,599,4.2,010-56286995,2015,2013,146
虹昱铭宾馆,朝阳区,朝阳区十里河花园街9号虹昱铭宾馆（地铁10号线十里河站）,328,4.2,010-67325588,2015,2008,248
魏风宾馆,西城区,西城区南新华街58号4层（近天安门广场）,215,4.2,010-83156558,2015,2007,199
北京圣谕缘宾馆,西城区,西城区东经路6号院2号楼,207,4.2,010-63135971,2015,2008,199
博昊旅馆,东城区,东城区崇文门西大街8号,166,4.2,010-65223188,2015,2016,117
青年之家酒店,朝阳区,朝阳区建国门外大街24号燕华苑底商（麦当劳南侧200米左右）,3815,4.2,010-65156988/65156058,2014,2014,149
钻石蓝宝苑宾馆,东城区,东城区胜古中路1号（近首都医科大学附属安贞医院、安贞桥）,2393,4.2,010-64415533/13260060116,2014,2011,268
布丁酒店(北京火车南站南广场店),丰台区,丰台区南三环中路73号院内.（山西大厦东侧150米）,1522,4.2,010-67251886,2014,2014,196
易佰连锁旅店(北京站店),东城区,东城区北京站售票厅二楼,1393,4.2,010-65131668,2014,2014,208
速8酒店(北京广渠门店),东城区,东城区广渠门内大街29号红都4层（地铁7号线广渠门内站B出口）,1107,4.2,010-67119505,2014,2014,258
锦江之星(北京南站店),东城区,东城区永定门东街9号,749,4.2,010-52171818,2014,2008,278
京鲁缘宾馆,东城区,东城区朝内南小街22号楼（近北京站，协和医院）,658,4.2,010-65125088,2014,2009,188
泡泡商旅酒店,海淀区,海淀区大钟寺四道口北街甲13号（大钟寺中坤广场向南约100米）,462,4.2,010-82481229/62126605,2014,2014,154
安定宾馆,东城区,东城区安定门内大街197号（近南锣鼓巷、后海）,394,4.2,010-64021530,2014,2008,200
国汉主题酒店(国展店),朝阳区,朝阳区柳芳北里甲12号（近地铁柳芳站）,6072,4.2,010-64689292/64618777/64094551,2013,2013,199
速8酒店(北京四惠店),朝阳区,朝阳区百子湾路11号（距离四惠地铁站800米）,5484,4.2,010-67757818/13641378389,2013,2013,288
速8酒店(北京紫竹院南路店),海淀区,海淀区紫竹园南路18号（距花园桥地铁站820米）,3097,4.2,010-68785599,2013,2013,305
锦江之星(北京前门店),东城区,东城区西打磨厂街224号（近前门东路路口）,2029,4.2,010-67052533-0,2013,2009,309
易佰连锁旅店(北京方庄桥店),丰台区,丰台区南方庄2号院2号楼,1925,4.2,010-87526327,2013,2013,139
途179迷你酒店(西四店),西城区,西城区西四北大街203-205号,3017,4.2,010-66500099,2012,2012,208
盛聚隆宾馆(西四店),西城区,西城区西四北大街82号（平安里地铁站C口出南行100米）,179,4.2,010-66121975,2012,2009,204
北京温馨如家宾馆有限公司前门分店,西城区,西城区大栅栏粮食店街17号（地铁2号线前门站C出口南行500米）,1047,4.2,010-83160225/83160226,2011,2011,252
7天连锁酒店(北京花园桥地铁站店),海淀区,海淀区车公庄西路33号花园桥地铁站（非花园路）往北50米右转（近首都师范大学）,531,4.2,010-88417888,2011,2011,326
国汉主题酒店(志新店),海淀区,海淀区志新东路北郊天燃气加气站南侧第一栋（物美大卖场麦当劳对面）,3762,4.2,010-82373816/82373916,2010,2008,175
7天连锁酒店(北京十里堡华堂商场店),朝阳区,朝阳区甘露园22号（朝阳路北侧）,2295,4.2,010-85778080,2010,2010,231
黄金港宾馆,海淀区,海淀区花园路1号-37北医三院东南门对面,417,4.2,010-62376587/18210895156,2010,2007,298
7天连锁酒店(北京北沙滩地铁站店),朝阳区,朝阳区北沙滩1号院农机院西门内（15号线北沙滩地铁站B2出口北50米）,415,4.2,010-64870977/17600444711,2008,2008,315
7天连锁酒店(北京鸟巢体育场店),朝阳区,朝阳区小营路8号（北四环惠新东桥往北500米路东，阳明广场院内）,790,4.2,010-84613688/84899003/84899013,2007,2007,305
天宝珠宾馆(前门店),西城区,西城区珠宝市街35号,558,4.2,010-83151971,2001,2010,177
速8酒店(北京鼓楼安定门地铁站店),东城区,东城区安定门内大街245号（近南锣鼓巷，国子监）,1644,4.1,010-84050328,2016,2012,246
天地海酒店(协和医院北京站店),东城区,东城区朝阳门南小街387号（近北京站，协和医院）,1453,4.1,010-65286282,2016,2008,188
叶子主题酒店(西客站店),西城区,西城区广安门外大街华联超市旁（近荣丰2008，距西客站2公里）,1084,4.1,010-51765117,2016,2013,238
舒雅快捷酒店(北师大店),西城区,西城区新德街35号4幢（新康街与新德街交叉口西行20米）,622,4.1,010-62057656/62026391,2016,2006,235
99优选酒店(北京长椿街地铁站店),西城区,西城区感化胡同3号院5号楼（距长椿街地铁站南300米，宣武医院斜对面）,602,4.1,010-63032395,2016,2016,259
如居家酒店,海淀区,海淀区学院路20号（科技大学北门斜对面）,2904,4.1,010-82389338/82388338,2015,2013,589
金典快捷宾馆,丰台区,丰台区岳家楼桥南15米路西,1823,4.1,010-68185200,2015,2010,252
速8酒店(万寿路地铁口店),海淀区,海淀区万寿路西街4号,1128,4.1,010-58494989/18710176383,2015,2015,270
7天连锁酒店(北京西客站店),海淀区,海淀区北蜂窝路乔建里2号,943,4.1,010-51915777,2015,2008,274
99旅馆连锁(北京西站南路店),丰台区,丰台区西站南路14-1号,876,4.1,010-63262262/63424684,2015,2015,318
第五季时尚酒店(东大桥店),朝阳区,朝阳区工体东路甲17号（春平广场对面、东大桥地铁A口斜对面）,333,4.1,010-65519307,2015,2010,298
盛凯宾馆,丰台区,丰台区莲怡园东路10号楼11号,202,4.1,010-63436885,2015,2008,252
99旅馆连锁(北京欢乐谷店),朝阳区,朝阳区金蝉西路甲一号2号楼（酷车小镇院内）,3731,4.1,010-87307866/87307266,2014,2014,147
易佰连锁旅店(北京民航医院店),朝阳区,朝阳区黄杉木店路188号7-1,515,4.1,010-58636729,2014,2014,195
锦江之星(北京金台路地铁站店),朝阳区,朝阳区延静里中街甲7号（地铁6号线金台路站东南500米）,484,4.1,010-59100888/13691135655,2014,2008,291
Zsmart智尚酒店北京王府井中心店,东城区,东城区王府井大街柏树胡同32号,1885,4.1,010-65596666,2013,2008,478
布丁酒店(北京王府井店),东城区,东城区朝阳门内南小街14号,869,4.1,010-65235006,2013,2013,235
布丁酒店(北京团结湖店),朝阳区,朝阳区团结湖北五条甲2-1,1877,4.1,010-85983036/85989810,2012,2012,292
速8酒店(北京三里屯店),朝阳区,朝阳区白家庄路白家庄西里24号院（三里屯机电学院南门20米，白家庄海底捞斜对面50米）,2580,4.1,010-65006281,2011,2011,321
速8酒店(北京西单大悦城店),西城区,西城区华远北街1号楼2层（距离地铁1号线西单站F1口出600米，4号线灵境胡同站D口300米）,1011,4.1,010-66135559,2011,2008,268
朝旺园宾馆,东城区,东城区东四南大街演乐胡同116号（距地铁灯市口50米，近协和医院）,191,4.1,010-65249588,2011,2006,158
金菠萝国际青年酒店,东城区,东城区新中街18号阳光都市社区2号楼（临近工人体育场，三里屯）,514,4.1,010-84472899,2008,2008,247
汉庭(北京崇文门店),东城区,东城区船板胡同47号（近崇文门大街）,434,4.1,010-65249867,2008,2008,455
融金中财大酒店,海淀区,海淀区学院南路39号（毗邻中央财经大学南门）,172,4.1,010-62289999,2008,2008,502
欣燕都连锁酒店(陶然亭一店),西城区,西城区黑窑厂街18号,440,4.1,010-83548039/63510007,2006,2004,341
速8酒店(北京西客站北广场店),丰台区,丰台区莲花池东路126号（距离北京西站300米）,1853,4,010-63956422,2017,2017,249
速8酒店(广安门中医院店),西城区,西城区广安门内核桃园东街1-8号（距地铁7号线广安门内400米）,476,4,010-83157876,2017,2017,287
时尚港湾酒店(东四地铁站店),东城区,东城区东四北大街486号（距地铁东四站B口100米，近王府井）,1810,4,010-84021789,2015,2015,168
速8酒店(北京前门珠市口东大街店),东城区,东城区珠市口东大街16号（地铁7号线珠市口站C口向东300米路南侧）,1898,4,010-67050858/67062688,2014,2012,168
速8酒店(北京王府井美术馆后街店),东城区,东城区美术馆后街60号,651,4,010-64073733,2014,2014,238
通达旅馆,西城区,西城区杨梅竹斜街樱桃胡同7号（琉璃厂东侧）,491,4,010-63037187,2014,2005,85
博瑞招待所(北京西站北广场店),海淀区,海淀区羊坊店路18号光耀东方广场S座南门6楼616室（富侨足道右侧）,1202,4,010-63922879,2013,2013,159
同力旅馆,东城区,东城区美术馆后街山老胡同3号,362,4,010-64029976,2013,2010,168
速8酒店(北京西站南路店),丰台区,丰台区西站南路与丽源路交汇处（距六里桥地铁站1.4公里）,3681,4,010-63288800,2011,2011,274
99优选酒店(北京联想桥店),海淀区,海淀区中关村东路123号院5号楼,2328,4,010-62116967,2008,2008,200
速8酒店(鸟巢奥体中心地铁站店),朝阳区,朝阳区民族园路1-1号地铁奥体中心站D口西侧10米（会议中心向南500米，安贞医院附近）,762,3.9,13601277456,2017,2017,264
飘HOME连锁酒店(灯市口地铁站店),东城区,东城区王府井大街柏树胡同17号（地铁5号线灯市口站A口出西行150米，近王府井大街）,2129,3.9,010-65258938,2016,2015,258
万程新润酒店(前门大栅栏店),西城区,西城区前门大栅栏街32号（地铁二号线前门站C口出南行200米）,6035,3.9,010-63023633/63023683,2015,2010,222
99旅馆连锁(北京前门店),西城区,西城区培智胡同10号,1837,3.9,010-63189716,2012,2012,139
易佰连锁旅店(北京南站洋桥店),丰台区,丰台区角门北路东里小区7号楼,1006,3.9,010-67576512,2010,2010,129
布丁酒店(北京锣鼓巷后海鼓楼店),东城区,东城区鼓楼东大街宝钞胡同38号（北京市第七幼儿园对面）,1597,3.8,010-84042268,2018,2015,220
速8酒店(北京建国门地铁站店),朝阳区,朝阳区建国门外大街乙24号（地铁1号线、2号线建国门站B口南300米，赛特购物中心西200米）,136,3.8,010-65159909,2018,2018,368
速8酒店(北京王府井灯市口店),东城区,东城区灯市口大街14号（近王府井大街、协和医院）,3321,3.8,010-51693888/65210822/18610192422,2015,2012,408
家宝快捷酒店,东城区,东城区崇文门东大街东花市北里中区15号楼,1107,3.7,010-87926979/67131510,2014,2015,109
阿哈青年酒店(北京南站北广场店),丰台区,丰台区开阳里三街开阳里八区2号楼,531,3.6,010-63200600,2017,2017,72
速8酒店(北京车公庄西地铁站店),西城区,西城区展览馆路3号3层（地铁6号线车公庄西站D口向南200米路西侧，近北京展览馆）,394,3.5,010-68330677/68330676,2017,2011,298
布丁酒店(北京站崇文门店),东城区,东城区新怡商务楼甲3号（新世界百货西侧路）,3265,3.5,010-67086992/67085668,2015,2008,179
